PART_NUMBER,PART_DESCRIPTION,GROUP_1,GROUP_2,GROUP_3,GROUP_4,GROUP_5,SALES_PRICE,SALES_PRICE_RRP,UOM,SIZE_VALUE,SIZE_UOM,PART_NOTES,ITEM_TYPE,CUSTOM_WEIGHT,COUNTRY_OF_ORIGIN,BCRS,MULTIPLIER,SYSTEM_STATUS,SYSTEM_DATE,SYSTEM_USERNAME,SYSTEM_IP,TOTAL_RECORDS,XTRA_RECORD_DETAILS,XTRA_RECORD_SELECTION,XTRA_PAGE_NUMBER,XTRA_SORT_NUMBER,XTRA_TOTAL_PAGES,XTRA_TOTAL_RECORDS,RESPONSE_CODE,RESPONSE_MESSAGE,Image,scrape_tag
2470003,Acciola Amberjack Fillet ( Local ) - Fish,Fish,Fresh Fish,Local Fresh Fish,,Refrigerated,24.0,24.0,Each,1.0,kg,,Weighted,,Malta,No,0.0,A,2019-03-01T20:31:57.47,GREENS,127.0.0.1,347,,,0.0,0.0,0.0,0.0,0,,https://www.greens.com.mt/media/products/noimages.jpg,fish
2472003,Acciola Amberjack Fillet ( Local ) (g),Fish,Fresh Fish,Local Fresh Fish,,Refrigerated,19.95,19.95,Each,1.0,kg,,Weighted,,Malta,No,0.0,A,2023-11-10T08:23:55.03,GREENS,127.0.0.1,347,,,0.0,0.0,0.0,0.0,0,,https://www.greens.com.mt/media/products/noimages.jpg,fish
2470002,Acciola -amberjack Whole ( Local ) - Fish,Fish,Fresh Fish,Local Fresh Fish,,Refrigerated,16.0,16.0,Each,1.0,kg,,Weighted,,Malta,No,0.0,A,2018-09-20T13:53:31.057,GREENS,127.0.0.1,347,,,0.0,0.0,0.0,0.0,0,,https://www.greens.com.mt/media/products/0153/2470002.jpg,fish
2472002,Acciola Amberjack Whole ( Local ) - Fish,Fish,Fresh Fish,Local Fresh Fish,,Refrigerated,14.95,14.95,Each,1.0,kg,,Weighted,,Malta,No,0.0,A,2023-04-01T13:03:50.973,GREENS,127.0.0.1,347,,,0.0,0.0,0.0,0.0,0,,https://www.greens.com.mt/media/products/noimages.jpg,fish
2470964,Acciola King Fish Whole (local) (gourmet),Fish,Fresh Fish,Gourmet Fish,,Refrigerated,25.5,25.5,Each,1.0,kg,,Weighted,,Malta,No,0.0,A,2019-09-26T09:33:38.35,GREENS,127.0.0.1,347,,,0.0,0.0,0.0,0.0,0,,https://www.greens.com.mt/media/products/noimages.jpg,fish
2470004,Acciolaamberjack Steak ( Local ) - Fish,Fish,Fresh Fish,Local Fresh Fish,,Refrigerated,26.0,26.0,Each,1.0,kg,,Weighted,,Malta,No,0.0,A,2018-09-20T13:53:31.083,GREENS,127.0.0.1,347,,,0.0,0.0,0.0,0.0,0,,https://www.greens.com.mt/media/products/0153/2470004.jpg,fish
2470067,Aljotta Fish Soup,Fish,Fresh Fish,Local Fresh Fish,,Refrigerated,7.95,7.95,Each,1.0,kg,,Weighted,,Malta,No,0.0,A,2020-02-03T17:30:30.953,GREENS,127.0.0.1,347,,,0.0,0.0,0.0,0.0,0,,https://www.greens.com.mt/media/products/0530/2470067.jpg,fish
2470930,Anchovy - Fish,Fish,Fresh Fish,Gourmet Fish,,Refrigerated,27.2,27.2,Each,1.0,kg,,Weighted,,Malta,No,0.0,A,2018-09-20T13:54:05.113,GREENS,127.0.0.1,347,,,0.0,0.0,0.0,0.0,0,,https://www.greens.com.mt/media/products/0154/2470930.jpg,fish
8002202003218,Arbi Condiscoglio Pomodoro 450g,Fish,Frozen Fish,Frozen Fish,Arbi,,5.89,5.99,Each,0.45,kg,,Stock,,,No,0.0,A,2018-09-20T13:51:49.847,GREENS,127.0.0.1,347,,,0.0,0.0,0.0,0.0,0,,https://www.greens.com.mt/media/products/0151/8002202003218.jpg,fish
8002202003225,Arbi Condivongola 450g,Fish,Frozen Fish,Frozen Fish,Arbi,,6.35,6.49,Each,0.45,kg,,Stock,,,No,0.0,A,2018-09-14T13:16:31.807,GREENS,127.0.0.1,347,,,0.0,0.0,0.0,0.0,0,,https://www.greens.com.mt/media/products/0116/8002202003225.jpg,fish
8001186025520,Arbi Cozze Cilene Sv Pan 500gr,Fish,Frozen Fish,Frozen Fish,Arbi,,3.68,4.5,Each,0.5,kg,,Stock,,,No,0.0,A,2020-03-13T07:36:34.383,GREENS,127.0.0.1,347,,,0.0,0.0,0.0,0.0,0,,https://www.greens.com.mt/media/products/0736/8001186025520.jpg,fish
8002202001207,Arbi Filletti Di Merluzzo 600g,Fish,Frozen Fish,Frozen Fish,Arbi,,8.76,8.99,Each,0.6,kg,,Stock,,,No,0.0,A,2023-02-23T17:09:26.95,GREENS,127.0.0.1,347,,,0.0,0.0,0.0,0.0,0,,https://www.greens.com.mt/media/products/0509/8002202001207.jpg,fish
8002202003256,Arbi Italian Seafood 450g,Fish,Frozen Fish,Frozen Fish,Arbi,,5.89,5.99,Each,0.45,kg,,Stock,,,No,0.0,A,2018-09-14T13:16:29.5,GREENS,127.0.0.1,347,,,0.0,0.0,0.0,0.0,0,,https://www.greens.com.mt/media/products/0116/8002202003256.jpg,fish
8002202000057,Arbi Polpo Pulito 500g,Fish,Frozen Fish,Frozen Fish,Arbi,,12.75,12.99,Each,0.5,kg,,Stock,,,No,0.0,A,2018-09-14T13:14:39.753,GREENS,127.0.0.1,347,,,0.0,0.0,0.0,0.0,0,,https://www.greens.com.mt/media/products/0114/8002202000057.jpg,fish
8002202001368,Arbi Ragu Di Polpo 220g,Fish,Frozen Fish,Frozen Fish,Arbi,,5.89,5.99,Each,0.22,kg,,Stock,,,No,0.0,A,2022-12-20T13:21:38.81,GREENS,127.0.0.1,347,,,0.0,0.0,0.0,0.0,0,,https://www.greens.com.mt/media/products/0121/8002202001368.jpg,fish
5013059001237,Arbi Scampi 21/30 400gr,Fish,Frozen Fish,Frozen Fish,Arbi,,9.99,12.95,Each,0.4,kg,,Stock,,,No,0.0,A,2018-09-14T13:17:12.45,GREENS,127.0.0.1,347,,,0.0,0.0,0.0,0.0,0,,https://www.greens.com.mt/media/products/0117/5013059001237.jpg,fish
8002202003539,Arbi Sugo Ai Gamberi 300g,Fish,Frozen Fish,Frozen Fish,Arbi,,6.62,6.89,Each,0.3,kg,,Stock,,,No,0.0,A,2020-10-06T09:14:47.263,GREENS,127.0.0.1,347,,,0.0,0.0,0.0,0.0,0,,https://www.greens.com.mt/media/products/0914/8002202003539.jpg,fish
8002202002044,Arbi Zuppa Pronta 500g,Fish,Frozen Fish,Frozen Fish,Arbi,,6.62,6.89,Each,0.5,kg,,Stock,,,No,0.0,A,2018-09-14T13:14:43.227,GREENS,127.0.0.1,347,,,0.0,0.0,0.0,0.0,0,,https://www.greens.com.mt/media/products/0114/8002202002044.jpg,fish
5411361148396,Ardo Tricolore Lentil Mix 1kg,Fish,Frozen Fish,Frozen Fish,Ardo,,4.43,4.5,Each,1.0,kg,,Stock,,,No,0.0,A,2022-08-11T12:05:11.423,GREENS,127.0.0.1,347,,,0.0,0.0,0.0,0.0,0,,https://www.greens.com.mt/media/products/1205/5411361148396.jpg,fish
2470063,Awrat Fillet (seabream),Fish,Fresh Fish,Local Fresh Fish,,Refrigerated,25.0,25.0,Each,1.0,kg,,Weighted,,Malta,No,0.0,A,2020-01-28T16:30:51.18,GREENS,127.0.0.1,347,,,0.0,0.0,0.0,0.0,0,,https://www.greens.com.mt/media/products/0430/2470063.jpg,fish
2470001,Awrat Seabream ( Local ) - Fish,Fish,Fresh Fish,Local Fresh Fish,,Refrigerated,5.9,5.9,Each,1.0,kg,,Weighted,,Malta,No,0.0,A,2018-09-20T13:53:31.04,GREENS,127.0.0.1,347,,,0.0,0.0,0.0,0.0,0,,https://www.greens.com.mt/media/products/0153/2470001.jpg,fish
2470963,Awrat Seabream (local) (gourmet),Fish,Fresh Fish,Gourmet Fish,,Refrigerated,20.0,20.0,Each,1.0,kg,,Weighted,,Malta,No,0.0,A,2019-09-26T09:33:38.35,GREENS,127.0.0.1,347,,,0.0,0.0,0.0,0.0,0,,https://www.greens.com.mt/media/products/noimages.jpg,fish
2470056,Awrat Tas-selvagg ( Wild  Sea Bream),Fish,Fresh Fish,Local Fresh Fish,,Refrigerated,14.8,14.8,Each,1.0,kg,,Weighted,,Malta,No,0.0,A,2018-09-20T13:59:09.943,GREENS,127.0.0.1,347,,,0.0,0.0,0.0,0.0,0,,https://www.greens.com.mt/media/products/0159/2470056.jpg,fish
2470980,Awrat Tas-selvagg ( Wild Seabream),Fish,Fresh Fish,Gourmet Fish,,Refrigerated,25.0,25.0,Each,1.0,kg,,Weighted,,Malta,No,0.0,A,2019-09-26T09:33:38.32,GREENS,127.0.0.1,347,,,0.0,0.0,0.0,0.0,0,,https://www.greens.com.mt/media/products/0933/2470980.jpg,fish
2470981,Bakkaljaw Fillet (foreign) (gourmet) Salt Cod,Fish,Fresh Fish,Gourmet Fish,,Refrigerated,29.5,29.5,Each,1.0,kg,,Weighted,,Malta,No,0.0,A,2019-09-26T09:33:39.057,GREENS,127.0.0.1,347,,,0.0,0.0,0.0,0.0,0,,https://www.greens.com.mt/media/products/noimages.jpg,fish
2470024,Barracuda-lizz ( Local ) - Fish,Fish,Fresh Fish,Local Fresh Fish,,Refrigerated,17.95,17.95,Each,1.0,kg,,Weighted,,Malta,No,0.0,A,2018-09-20T13:53:31.283,GREENS,127.0.0.1,347,,,0.0,0.0,0.0,0.0,0,,https://www.greens.com.mt/media/products/0153/2470024.jpg,fish
2470971,Barracuda-lizz (local) (gourmet),Fish,Fresh Fish,Gourmet Fish,,Refrigerated,25.0,25.0,Each,1.0,kg,,Weighted,,Malta,No,0.0,A,2019-09-26T09:33:38.993,GREENS,127.0.0.1,347,,,0.0,0.0,0.0,0.0,0,,https://www.greens.com.mt/media/products/noimages.jpg,fish
2470008,Bazuga ( Bronze Bream) ( Local ) - Fish,Fish,Fresh Fish,Local Fresh Fish,,Refrigerated,26.5,26.5,Each,1.0,kg,,Weighted,,Malta,No,0.0,A,2018-09-20T13:53:31.163,GREENS,127.0.0.1,347,,,0.0,0.0,0.0,0.0,0,,https://www.greens.com.mt/media/products/0153/2470008.jpg,fish
2470967,Bazuga Bream Local Gourmet,Fish,Fresh Fish,Gourmet Fish,,Refrigerated,28.5,28.5,Each,1.0,kg,,Weighted,,,No,0.0,A,2019-09-26T09:33:38.383,GREENS,127.0.0.1,347,,,0.0,0.0,0.0,0.0,0,,https://www.greens.com.mt/media/products/noimages.jpg,fish
5000116111954,Bird's Eye 10 Haddock Fish Fingers 280g,Fish,Frozen Fish,Frozen Fish,Bird'S Eye,,9.9,10.08,Each,0.28,kg,,Stock,,,No,0.0,A,2018-09-14T13:20:22.683,GREENS,127.0.0.1,347,,,0.0,0.0,0.0,0.0,0,,https://www.greens.com.mt/media/products/0120/5000116111954.jpg,fish
5000116111978,Bird's Eye 10 Omega 3 Fish Fingers 280g,Fish,Frozen Fish,Frozen Fish,Bird'S Eye,,7.7,8.74,Each,0.28,kg,,Stock,,,No,0.0,A,2019-06-28T11:40:59.497,GREENS,127.0.0.1,347,,,0.0,0.0,0.0,0.0,0,,https://www.greens.com.mt/media/products/1140/5000116111978.jpg,fish
5000116111534,Bird's Eye 12 Gluten Free Fish Fingers In Crumb 360g,Fish,Frozen Fish,Frozen Fish,Bird'S Eye,,8.86,9.01,Each,0.36,kg,,Stock,,,No,0.0,A,2018-09-20T13:57:43.18,GREENS,127.0.0.1,347,,,0.0,0.0,0.0,0.0,0,,https://www.greens.com.mt/media/products/0157/5000116111534.jpg,fish
5000116102839,Bird's Eye 2 Xl Fish Fillets In Butter 320g,Fish,Frozen Fish,Frozen Fish,Bird'S Eye,,7.99,8.55,Each,0.32,kg,,Stock,,United Kingdom,No,0.0,A,2018-09-14T13:15:21.663,GREENS,127.0.0.1,347,,,0.0,0.0,0.0,0.0,0,,https://www.greens.com.mt/media/products/0115/5000116102839.jpg,fish
5000116124060,Bird's Eye 20 Fish Nuggets 490g,Fish,Frozen Fish,Frozen Fish,Bird'S Eye,,9.99,10.52,Each,0.49,kg,,Stock,,,No,0.0,A,2019-04-22T09:29:23.173,GREENS,127.0.0.1,347,,,0.0,0.0,0.0,0.0,0,,https://www.greens.com.mt/media/products/0929/5000116124060.jpg,fish
5000116106592,Bird's Eye 20 Omega 3 Fish Fingers 560g,Fish,Frozen Fish,Frozen Fish,Bird'S Eye,,10.95,14.11,Each,0.56,kg,,Stock,,,No,0.0,A,2019-08-03T20:39:10.34,GREENS,127.0.0.1,347,,,0.0,0.0,0.0,0.0,0,,https://www.greens.com.mt/media/products/0839/5000116106592.jpg,fish
5000116031498,Bird's Eye 4 Cod Fish Cakes 198g,Fish,Frozen Fish,Frozen Fish,Bird'S Eye,,3.96,4.03,Each,0.2,kg,,Stock,,,No,0.0,A,2018-10-24T15:23:08.593,GREENS,127.0.0.1,347,,,0.0,0.0,0.0,0.0,0,,https://www.greens.com.mt/media/products/0323/5000116031498.jpg,fish
2470500,Vopi With Herbs- Gourmet,Fish,Fresh Fish,Gourmet Fish,,Refrigerated,8.95,8.95,Each,1.0,kg,,Weighted,,,No,0.0,A,2021-11-19T11:01:52.007,GREENS,127.0.0.1,347,,,0.0,0.0,0.0,0.0,0,,https://www.greens.com.mt/media/products/noimages.jpg,fish
2470015,Vopi-bouge ( Local ) - Fish,Fish,Fresh Fish,Local Fresh Fish,,Refrigerated,7.25,7.25,Each,1.0,kg,,Weighted,,Malta,No,0.0,A,2018-09-20T13:53:31.243,GREENS,127.0.0.1,347,,,0.0,0.0,0.0,0.0,0,,https://www.greens.com.mt/media/products/0153/2470015.jpg,fish
2470933,Wakame Salad - Fish,Fish,Fresh Fish,Gourmet Fish,,Refrigerated,25.0,25.0,Each,1.0,kg,,Weighted,,Malta,No,0.0,A,2018-09-20T13:54:12.867,GREENS,127.0.0.1,347,,,0.0,0.0,0.0,0.0,0,,https://www.greens.com.mt/media/products/0154/2470933.jpg,fish
2470231,Whelk Live,Fish,Fresh Fish,Shellfish,,Refrigerated,21.5,21.5,Each,1.0,kg,,Weighted,,Italia,No,0.0,A,2022-09-16T17:04:06.657,GREENS,127.0.0.1,347,,,0.0,0.0,0.0,0.0,0,,https://www.greens.com.mt/media/products/0504/2470231.jpg,fish
2470509,Whole Seabream(awrata) With Herbs - Gourmet,Fish,Fresh Fish,Gourmet Fish,,Refrigerated,9.95,9.95,Each,1.0,kg,,Weighted,,Malta,No,0.0,A,2021-11-19T12:02:57.207,GREENS,127.0.0.1,347,,,0.0,0.0,0.0,0.0,0,,https://www.greens.com.mt/media/products/noimages.jpg,fish
8007245100061,Wiva Mare Condipresto Pronto Scoglio Pomodoro,Fish,Frozen Fish,Frozen Fish,,,4.99,6.0,Each,1.0,p,,Stock,,,No,0.0,A,2018-09-14T13:20:31.807,GREENS,127.0.0.1,347,,,0.0,0.0,0.0,0.0,0,,https://www.greens.com.mt/media/products/0120/8007245100061.jpg,fish
8007245100122,Wiva Mare Esca Sugo Pronto Alle Cozze 350gr,Fish,Frozen Fish,Frozen Fish,,,4.99,6.0,Each,0.35,kg,,Stock,,,No,0.0,A,2018-09-14T13:23:55.3,GREENS,127.0.0.1,347,,,0.0,0.0,0.0,0.0,0,,https://www.greens.com.mt/media/products/0123/8007245100122.jpg,fish
8007245101969,Wiva Mare Sugo A/vongole Mare 350g,Fish,Frozen Fish,Frozen Fish,,,4.99,6.0,Each,0.35,kg,,Stock,,,No,0.0,A,2019-06-05T08:02:38.407,GREENS,127.0.0.1,347,,,0.0,0.0,0.0,0.0,0,,https://www.greens.com.mt/media/products/0802/8007245101969.jpg,fish
8007245100320,Wiva Mare Sugo Ai Gamberi 250gr,Fish,Frozen Fish,Frozen Fish,,,4.99,6.0,Each,0.25,kg,,Stock,,,No,0.0,A,2018-09-14T13:24:15.6,GREENS,127.0.0.1,347,,,0.0,0.0,0.0,0.0,0,,https://www.greens.com.mt/media/products/0124/8007245100320.jpg,fish
8007245101082,Wiva Mare Sugo Pronto A/frut.di Mare 300g,Fish,Frozen Fish,Frozen Fish,,,4.99,6.0,Each,0.3,kg,,Stock,,,No,0.0,A,2019-06-05T08:02:37.047,GREENS,127.0.0.1,347,,,0.0,0.0,0.0,0.0,0,,https://www.greens.com.mt/media/products/0802/8007245101082.jpg,fish
8007245101259,Wiva Mare Sugo Pronto Ai Crostacei 300gr,Fish,Frozen Fish,Frozen Fish,,,4.99,6.0,Each,0.3,kg,,Stock,,,No,0.0,A,2020-03-25T08:43:22.22,GREENS,127.0.0.1,347,,,0.0,0.0,0.0,0.0,0,,https://www.greens.com.mt/media/products/0843/8007245101259.jpg,fish
8007245100160,Wiva Mare Sugo Pronto Allo Scogila 300gr,Fish,Frozen Fish,Frozen Fish,,,4.99,6.0,Each,0.3,kg,,Stock,,,No,0.0,A,2018-09-14T13:23:55.293,GREENS,127.0.0.1,347,,,0.0,0.0,0.0,0.0,0,,https://www.greens.com.mt/media/products/0123/8007245100160.jpg,fish
8007245101167,Wiva Mare Sugo Pronto Mare Monti 300g,Fish,Frozen Fish,Frozen Fish,,,4.99,6.0,Each,0.3,kg,,Stock,,,No,0.0,A,2020-03-18T11:34:09.473,GREENS,127.0.0.1,347,,,0.0,0.0,0.0,0.0,0,,https://www.greens.com.mt/media/products/1134/8007245101167.jpg,fish
2470230,Xxl Giant Prawns,Fish,Fresh Fish,Shellfish,,Refrigerated,41.95,41.95,Each,1.0,kg,,Weighted,,,No,0.0,A,2022-04-01T17:06:26.66,GREENS,127.0.0.1,347,,,0.0,0.0,0.0,0.0,0,,https://www.greens.com.mt/media/products/0506/2470230.jpg,fish
5000205034546,Youngs  Flipper Dippers 250g,Fish,Frozen Fish,Frozen Fish,Youngs,,3.35,3.49,Each,0.25,kg,,Stock,,,No,0.0,A,2021-06-28T12:58:35.683,GREENS,127.0.0.1,347,,,0.0,0.0,0.0,0.0,0,,https://www.greens.com.mt/media/products/1258/5000205034546.jpg,fish
5000205045986,Youngs 10 Cod Fish Fingers 250g,Fish,Frozen Fish,Frozen Fish,Youngs,,3.89,3.99,Each,0.25,kg,,Stock,,,No,0.0,A,2023-06-06T09:07:21.967,GREENS,127.0.0.1,347,,,0.0,0.0,0.0,0.0,0,,https://www.greens.com.mt/media/products/0907/5000205045986.jpg,fish
5000205039558,Youngs 10 Omega 3 Fish Finger 250g,Fish,Frozen Fish,Frozen Fish,Youngs,,3.55,3.69,Each,0.25,kg,,Stock,,,No,0.0,A,2023-06-06T09:07:21.95,GREENS,127.0.0.1,347,,,0.0,0.0,0.0,0.0,0,,https://www.greens.com.mt/media/products/0907/5000205039558.jpg,fish
5000205037899,Youngs 12 Omega 3 Cakes 600g,Fish,Frozen Fish,Frozen Fish,Youngs,,6.35,6.49,Each,0.6,kg,,Stock,,,No,0.0,A,2023-06-06T09:07:21.967,GREENS,127.0.0.1,347,,,0.0,0.0,0.0,0.0,0,,https://www.greens.com.mt/media/products/0907/5000205037899.jpg,fish
5000205047706,Youngs 4 Battered Cod Fillet 440g,Fish,Frozen Fish,Frozen Fish,Youngs,,9.79,9.99,Each,0.44,kg,,Stock,,,No,0.0,A,2019-11-15T07:34:02.793,GREENS,127.0.0.1,347,,,0.0,0.0,0.0,0.0,0,,https://www.greens.com.mt/media/products/0734/5000205047706.jpg,fish
5000205047539,Youngs 4 Battered Fish Fillet 400g,Fish,Frozen Fish,Frozen Fish,Youngs,,6.99,7.25,Each,0.4,kg,,Stock,,,No,0.0,A,2020-05-16T14:31:07.12,GREENS,127.0.0.1,347,,,0.0,0.0,0.0,0.0,0,,https://www.greens.com.mt/media/products/0231/5000205047539.jpg,fish
5000205047713,Youngs 4 Battered Hadd Fillet 440g,Fish,Frozen Fish,Frozen Fish,Youngs,,9.79,9.99,Each,0.44,kg,,Stock,,,No,0.0,A,2020-04-16T07:31:22.277,GREENS,127.0.0.1,347,,,0.0,0.0,0.0,0.0,0,,https://www.greens.com.mt/media/products/0731/5000205047713.jpg,fish
5000205047720,Youngs 4 Breaded Cod Fillet 440g,Fish,Frozen Fish,Frozen Fish,Youngs,,9.79,9.99,Each,0.44,kg,,Stock,,,No,0.0,A,2020-02-22T02:30:37.847,GREENS,127.0.0.1,347,,,0.0,0.0,0.0,0.0,0,,https://www.greens.com.mt/media/products/0230/5000205047720.jpg,fish
5000205047744,Youngs 4 Breaded Hadd Fillet 440g,Fish,Frozen Fish,Frozen Fish,Youngs,,9.79,9.99,Each,0.44,kg,,Stock,,,No,0.0,A,2020-06-10T11:31:51.103,GREENS,127.0.0.1,347,,,0.0,0.0,0.0,0.0,0,,https://www.greens.com.mt/media/products/1131/5000205047744.jpg,fish
5000116102815,Bird's Eye 4 Fish Fillets In Batter 400g,Fish,Frozen Fish,Frozen Fish,Bird'S Eye,,6.65,7.38,Each,0.4,kg,,Stock,,,No,0.0,A,2018-09-14T13:24:14.653,GREENS,127.0.0.1,347,,,0.0,0.0,0.0,0.0,0,,https://www.greens.com.mt/media/products/0124/5000116102815.jpg,fish
5000116124671,Bird's Eye 4 Large Cod In Batter 440g,Fish,Frozen Fish,Frozen Fish,Bird'S Eye,,13.61,13.85,Each,0.44,kg,,Stock,,,No,0.0,A,2019-06-28T11:40:59.467,GREENS,127.0.0.1,347,,,0.0,0.0,0.0,0.0,0,,https://www.greens.com.mt/media/products/1140/5000116124671.jpg,fish
5000116124848,Bird's Eye 4 Large Cod In Crumbs 440g,Fish,Frozen Fish,Frozen Fish,Bird'S Eye,,10.95,14.13,Each,0.44,kg,,Stock,,,No,0.0,A,2019-06-28T11:40:59.483,GREENS,127.0.0.1,347,,,0.0,0.0,0.0,0.0,0,,https://www.greens.com.mt/media/products/1140/5000116124848.jpg,fish
5000116124664,Bird's Eye 4 Large Haddock In Batter 440g,Fish,Frozen Fish,Frozen Fish,Bird'S Eye,,9.95,13.2,Each,0.44,kg,,Stock,,,No,0.0,A,2019-06-28T11:40:59.483,GREENS,127.0.0.1,347,,,0.0,0.0,0.0,0.0,0,,https://www.greens.com.mt/media/products/1140/5000116124664.jpg,fish
5000116124688,Bird's Eye 4 Large Haddock In Crumbs 440g,Fish,Frozen Fish,Frozen Fish,Bird'S Eye,,10.99,12.5,Each,0.44,kg,,Stock,,,No,0.0,A,2019-06-28T11:40:59.497,GREENS,127.0.0.1,347,,,0.0,0.0,0.0,0.0,0,,https://www.greens.com.mt/media/products/1140/5000116124688.jpg,fish
5000116123988,Birds Eye Cod Burgers In Crumbs 2pcs 227g,Fish,Frozen Fish,Frozen Fish,Bird'S Eye,,5.39,5.52,Each,0.23,kg,,Stock,,,No,0.0,A,2018-10-26T11:20:58.54,GREENS,127.0.0.1,347,,,0.0,0.0,0.0,0.0,0,,https://www.greens.com.mt/media/products/1120/5000116123988.jpg,fish
5000116124596,Bird's Eye Cod Fillet Fish Fingers 30pcs 840g,Fish,Frozen Fish,Frozen Fish,Bird'S Eye,,20.52,22.8,Each,0.84,kg,,Stock,,,No,0.0,A,2020-09-29T09:00:23.073,GREENS,127.0.0.1,347,,,0.0,0.0,0.0,0.0,0,,https://www.greens.com.mt/media/products/0900/5000116124596.jpg,fish
2470212,Calamari ( Foreign ) Klamari  - Fish,Fish,Fresh Fish,Shellfish,,Refrigerated,18.0,18.0,Each,1.0,kg,,Weighted,,Ivory Coast,No,0.0,A,2018-09-20T13:53:32.057,GREENS,127.0.0.1,347,,,0.0,0.0,0.0,0.0,0,,https://www.greens.com.mt/media/products/0153/2470212.jpg,fish
2470211,Calamari ( Local ) Klamari  - Fish,Fish,Fresh Fish,Shellfish,,Refrigerated,24.5,24.5,Each,1.0,kg,,Weighted,,Malta,No,0.0,A,2018-09-20T13:53:32.047,GREENS,127.0.0.1,347,,,0.0,0.0,0.0,0.0,0,,https://www.greens.com.mt/media/products/0153/2470211.jpg,fish
2470502,Calamari With Herbs - Gourmet,Fish,Fresh Fish,Gourmet Fish,,Refrigerated,16.95,16.95,Each,1.0,kg,,Weighted,,Italia,No,0.0,A,2021-11-19T11:01:49.837,GREENS,127.0.0.1,347,,,0.0,0.0,0.0,0.0,0,,https://www.greens.com.mt/media/products/noimages.jpg,fish
2470660,Cerna (grouper) Steak  - Fish,Fish,Fresh Fish,Local Fresh Fish,,Refrigerated,14.5,14.5,Each,1.0,kg,,Weighted,,Italia,No,0.0,A,2018-09-20T13:53:45.333,GREENS,127.0.0.1,347,,,0.0,0.0,0.0,0.0,0,,https://www.greens.com.mt/media/products/0153/2470660.jpg,fish
2470044,Cerviola ( Local ) Young Amberjack- Fish,Fish,Fresh Fish,Local Fresh Fish,,Refrigerated,16.5,16.5,Each,1.0,kg,,Weighted,,Malta,No,0.0,A,2018-09-20T13:53:31.407,GREENS,127.0.0.1,347,,,0.0,0.0,0.0,0.0,0,,https://www.greens.com.mt/media/products/0153/2470044.jpg,fish
2470992,Chicken Gyoza X12,Fish,Fresh Fish,Gourmet Fish,,Refrigerated,3.95,3.95,Each,1.0,p,,Stock,,,No,0.0,A,2021-12-23T13:06:54.747,GREENS,127.0.0.1,347,,,0.0,0.0,0.0,0.0,0,,https://www.greens.com.mt/media/products/0106/2470992.jpg,fish
2470083,Cintorin - Scabbard,Fish,Fresh Fish,Local Fresh Fish,,Refrigerated,9.5,9.5,Each,1.0,kg,,Weighted,,,No,0.0,A,2022-03-14T14:04:09.743,GREENS,127.0.0.1,347,,,0.0,0.0,0.0,0.0,0,,https://www.greens.com.mt/media/products/0204/2470083.jpg,fish
2470026,Cippulazza ( Scorpion Fish ) ( Local ) - Fish,Fish,Fresh Fish,Local Fresh Fish,,Refrigerated,26.0,26.0,Each,1.0,kg,,Weighted,,Malta,No,0.0,A,2018-09-20T13:53:31.3,GREENS,127.0.0.1,347,,,0.0,0.0,0.0,0.0,0,,https://www.greens.com.mt/media/products/0153/2470026.jpg,fish
8007245000064,Condipresto Frozen Ready Made Mixed Seafood In Tomato Sauce 450g,Fish,Frozen Fish,Frozen Fish,Condipresto,,5.19,5.99,Each,0.45,kg,,Stock,,,No,0.0,A,2018-09-14T13:20:25.88,GREENS,127.0.0.1,347,,,0.0,0.0,0.0,0.0,0,,https://www.greens.com.mt/media/products/0120/8007245000064.jpg,fish
8007245000163,Condipresto Frozen Ready Made Mixed Seafood Sauce 450g,Fish,Frozen Fish,Frozen Fish,Condipresto,,5.19,5.99,Each,0.45,kg,,Stock,,,No,0.0,A,2018-10-24T15:39:48.897,GREENS,127.0.0.1,347,,,0.0,0.0,0.0,0.0,0,,https://www.greens.com.mt/media/products/0339/8007245000163.jpg,fish
8007245000125,Condipresto Frozen Ready Made Mussels Sauce Cozze 450g,Fish,Frozen Fish,Frozen Fish,Condipresto,,5.19,5.99,Each,0.45,kg,,Stock,,,No,0.0,A,2018-09-14T13:14:57.377,GREENS,127.0.0.1,347,,,0.0,0.0,0.0,0.0,0,,https://www.greens.com.mt/media/products/0114/8007245000125.jpg,fish
8007245001085,Condipresto Frozen Ready Made Seafood Sauce For Risotto & Spaghetti 450g,Fish,Frozen Fish,Frozen Fish,Condipresto,,5.19,5.99,Each,0.45,kg,,Stock,,,No,0.0,A,2018-09-20T13:51:06.933,GREENS,127.0.0.1,347,,,0.0,0.0,0.0,0.0,0,,https://www.greens.com.mt/media/products/0151/8007245001085.jpg,fish
8007245000323,Condipresto Frozen Ready Made Shrimp Sauce Gamberi 400g,Fish,Frozen Fish,Frozen Fish,Condipresto,,5.19,5.99,Each,0.4,kg,,Stock,,,No,0.0,A,2018-09-14T13:16:51.583,GREENS,127.0.0.1,347,,,0.0,0.0,0.0,0.0,0,,https://www.greens.com.mt/media/products/0116/8007245000323.jpg,fish
2470924,Cooked Prawns (gambli) Marinated In Garlic & Herbs - Fish,Fish,Fresh Fish,Gourmet Fish,,Refrigerated,25.0,25.0,Each,1.0,kg,,Weighted,,Malta,No,0.0,A,2018-12-14T17:31:38.727,GREENS,127.0.0.1,347,,,0.0,0.0,0.0,0.0,0,,https://www.greens.com.mt/media/products/0531/2470924.jpg,fish
8005158000126,Cozze Sgusciate 250g,Fish,Frozen Fish,Frozen Fish,,,4.72,5.0,Each,0.25,kg,,Stock,,,No,0.0,A,2019-06-05T12:44:26.473,GREENS,127.0.0.1,347,,,0.0,0.0,0.0,0.0,0,,https://www.greens.com.mt/media/products/1244/8005158000126.jpg,fish
2470217,Crab ( Foreign ) - Fish,Fish,Fresh Fish,Shellfish,,Refrigerated,26.45,26.45,Each,1.0,kg,,Weighted,,United Kingdom,No,0.0,A,2018-09-20T13:53:32.1,GREENS,127.0.0.1,347,,,0.0,0.0,0.0,0.0,0,,https://www.greens.com.mt/media/products/0153/2470217.jpg,fish
2470504,Cuttle Fish(sicc) With Herbs,Fish,Fresh Fish,Gourmet Fish,,Refrigerated,19.95,19.95,Each,1.0,kg,,Weighted,,Malta,No,0.0,A,2021-11-19T11:01:57.11,GREENS,127.0.0.1,347,,,0.0,0.0,0.0,0.0,0,,https://www.greens.com.mt/media/products/noimages.jpg,fish
8719214280475,Dayseaday Surimi Sticks 500g,Fish,Frozen Fish,Frozen Fish,,,2.79,2.95,Each,0.5,kg,,Stock,,,No,0.0,A,2023-07-03T16:08:22.75,GREENS,127.0.0.1,347,,,0.0,0.0,0.0,0.0,0,,https://www.greens.com.mt/media/products/noimages.jpg,fish
2470913,"Dentic Fillet Fresh Herbs,  Garlic, & Whiet Sesame Seed - Fish",Fish,Fresh Fish,Gourmet Fish,,Refrigerated,19.5,19.5,Each,1.0,kg,,Weighted,,Malta,No,0.0,A,2018-09-20T13:53:33.017,GREENS,127.0.0.1,347,,,0.0,0.0,0.0,0.0,0,,https://www.greens.com.mt/media/products/noimages.jpg,fish
5397199000344,Donegal Catach Cider Batterd Haddock 270g,Fish,Frozen Fish,Frozen Fish,Donegal Catch,,6.75,6.99,Each,0.27,kg,,Stock,,,No,0.0,A,2023-02-21T13:22:13.033,GREENS,127.0.0.1,347,,,0.0,0.0,0.0,0.0,0,,https://www.greens.com.mt/media/products/0122/5397199000344.jpg,fish
5397199002072,Donegal Catch Battered Cod Fillets 400g,Fish,Frozen Fish,Frozen Fish,Donegal Catch,,11.75,11.99,Each,0.4,kg,,Stock,,,No,0.0,A,2022-06-08T08:05:05.963,GREENS,127.0.0.1,347,,,0.0,0.0,0.0,0.0,0,,https://www.greens.com.mt/media/products/0805/5397199002072.jpg,fish
5397199000368,Donegal Catch Beer Batterd Haddock 270g,Fish,Frozen Fish,Frozen Fish,Donegal Catch,,6.75,6.99,Each,0.27,kg,,Stock,,,No,0.0,A,2023-04-03T16:39:08.14,GREENS,127.0.0.1,347,,,0.0,0.0,0.0,0.0,0,,https://www.greens.com.mt/media/products/0439/5397199000368.jpg,fish
5397199002010,Donegal Catch Breaded Cod Fillets 400g,Fish,Frozen Fish,Frozen Fish,Donegal Catch,,9.14,9.59,Each,0.4,kg,,Stock,,,No,0.0,A,2022-06-08T08:05:06.587,GREENS,127.0.0.1,347,,,0.0,0.0,0.0,0.0,0,,https://www.greens.com.mt/media/products/0805/5397199002010.jpg,fish
5397199000023,Donegal Catching 2 Xl Battered Fish Fillets 300g,Fish,Frozen Fish,Frozen Fish,Donegal Catch,,5.94,5.99,Each,0.3,kg,,Stock,,,No,0.0,A,2021-12-01T10:02:02.57,GREENS,127.0.0.1,347,,,0.0,0.0,0.0,0.0,0,,https://www.greens.com.mt/media/products/1002/5397199000023.jpg,fish
5397199000047,Donegal Catching 2 Xl Breaded Fish Fillets 300g,Fish,Frozen Fish,Frozen Fish,Donegal Catch,,5.94,5.99,Each,0.3,kg,,Stock,,,No,0.0,A,2019-04-18T15:32:46.53,GREENS,127.0.0.1,347,,,0.0,0.0,0.0,0.0,0,,https://www.greens.com.mt/media/products/0332/5397199000047.jpg,fish
5397199002775,Donegal Catching Breaded Fish Sticks 300g,Fish,Frozen Fish,Frozen Fish,Donegal Catch,,5.94,5.99,Each,0.3,kg,,Stock,,,No,0.0,A,2023-02-01T14:39:13.85,GREENS,127.0.0.1,347,,,0.0,0.0,0.0,0.0,0,,https://www.greens.com.mt/media/products/0239/5397199002775.jpg,fish
5397199004472,Donregal Catch Fish Nuggets 250g,Fish,Frozen Fish,Frozen Fish,Donegal Catch,,4.68,4.99,Each,0.25,kg,,Stock,,,No,0.0,A,2023-09-28T09:18:56.28,GREENS,127.0.0.1,347,,,0.0,0.0,0.0,0.0,0,,https://www.greens.com.mt/media/products/noimages.jpg,fish
5011003007540,Donregal Catch Natural Salmon 400g,Fish,Frozen Fish,Frozen Fish,Donegal Catch,,18.76,19.99,Each,0.4,kg,,Stock,,,No,0.0,A,2018-09-14T13:14:45.84,GREENS,127.0.0.1,347,,,0.0,0.0,0.0,0.0,0,,https://www.greens.com.mt/media/products/0114/5011003007540.jpg,fish
5397199004533,Donregal Catch Salmon Fish Cakes 270g,Fish,Frozen Fish,Frozen Fish,Donegal Catch,,5.61,5.99,Each,0.27,kg,,Stock,,,No,0.0,A,2023-09-28T09:18:56.28,GREENS,127.0.0.1,347,,,0.0,0.0,0.0,0.0,0,,https://www.greens.com.mt/media/products/0918/5397199004533.jpg,fish
2470018,Dott Steak-wreckfish ( Local ) - Fish,Fish,Fresh Fish,Local Fresh Fish,,Refrigerated,29.95,29.95,Each,1.0,kg,,Weighted,,Malta,No,0.0,A,2018-09-20T13:53:31.25,GREENS,127.0.0.1,347,,,0.0,0.0,0.0,0.0,0,,https://www.greens.com.mt/media/products/0153/2470018.jpg,fish
2470970,Dott Steak-wreckfish (local ) (gourmet),Fish,Fresh Fish,Gourmet Fish,,Refrigerated,35.0,35.0,Each,1.0,kg,,Weighted,,Malta,No,0.0,A,2019-09-26T09:33:38.963,GREENS,127.0.0.1,347,,,0.0,0.0,0.0,0.0,0,,https://www.greens.com.mt/media/products/noimages.jpg,fish
5411658130028,Epic Neptune Prawns 90 By 120 800g,Fish,Frozen Fish,Frozen Fish,Epic,,15.73,15.84,Each,0.8,kg,,Stock,,,No,0.0,A,2018-09-14T13:16:28.743,GREENS,127.0.0.1,347,,,0.0,0.0,0.0,0.0,0,,https://www.greens.com.mt/media/products/0116/5411658130028.jpg,fish
2470045,Fanfri ( Local ) Pilot Fish - Fish,Fish,Fresh Fish,Local Fresh Fish,,Refrigerated,12.0,12.0,Each,1.0,kg,,Weighted,,Malta,No,0.0,A,2018-09-20T13:53:31.417,GREENS,127.0.0.1,347,,,0.0,0.0,0.0,0.0,0,,https://www.greens.com.mt/media/products/0153/2470045.jpg,fish
2470219,Fasolari - Cockle ( Foreign )  - Fish,Fish,Fresh Fish,Shellfish,,Refrigerated,20.85,20.85,Each,1.0,kg,,Weighted,,Italia,No,0.0,A,2019-09-05T08:31:40.463,GREENS,127.0.0.1,347,,,0.0,0.0,0.0,0.0,0,,https://www.greens.com.mt/media/products/0831/2470219.jpg,fish
8052740140005,Fidagel Calamari 10/15 500g,Fish,Frozen Fish,Frozen Fish,,,8.99,10.79,Each,0.5,kg,,Stock,,,No,0.0,A,2023-02-07T15:52:44.47,GREENS,127.0.0.1,347,,,0.0,0.0,0.0,0.0,0,,https://www.greens.com.mt/media/products/0352/8052740140005.jpg,fish
8052740140043,Fidagel Polpi Puliti 500g,Fish,Frozen Fish,Frozen Fish,,,9.99,14.84,Each,0.5,kg,,Stock,,,No,0.0,A,2023-02-07T15:52:44.487,GREENS,127.0.0.1,347,,,0.0,0.0,0.0,0.0,0,,https://www.greens.com.mt/media/products/noimages.jpg,fish
8052740140128,Fidagel Shelled Mussels 270g,Fish,Frozen Fish,Frozen Fish,,,4.99,5.95,Each,0.27,kg,,Stock,,,No,0.0,A,2023-02-07T15:52:44.503,GREENS,127.0.0.1,347,,,0.0,0.0,0.0,0.0,0,,https://www.greens.com.mt/media/products/0352/8052740140128.jpg,fish
8002202004321,Filetto D/pangasio 800gr,Fish,Frozen Fish,Frozen Fish,,,5.99,7.0,Each,0.8,kg,,Stock,,,No,0.0,A,2022-05-10T17:06:59.503,GREENS,127.0.0.1,347,,,0.0,0.0,0.0,0.0,0,,https://www.greens.com.mt/media/products/noimages.jpg,fish
8057018220045,Findus 2 Salmon Burgers Gf 170g,Fish,Frozen Fish,Frozen Fish,Findus,,5.95,6.5,Each,0.17,kg,,Stock,,,No,0.0,A,2018-11-14T09:30:49.19,GREENS,127.0.0.1,347,,,0.0,0.0,0.0,0.0,0,,https://www.greens.com.mt/media/products/0930/8057018220045.jpg,fish
8722700408437,Findus Capitan Filetti Platessa 250g,Fish,Frozen Fish,Frozen Fish,Findus,,9.99,10.6,Each,0.25,kg,,Stock,,,No,0.0,A,2019-04-11T15:29:08.93,GREENS,127.0.0.1,347,,,0.0,0.0,0.0,0.0,0,,https://www.greens.com.mt/media/products/0329/8722700408437.jpg,fish
3599740008973,Findus Cod Fillet 440g,Fish,Frozen Fish,Frozen Fish,Findus,,17.55,17.99,Each,0.44,kg,,Stock,,,No,0.0,A,2018-09-14T13:15:53.307,GREENS,127.0.0.1,347,,,0.0,0.0,0.0,0.0,0,,https://www.greens.com.mt/media/products/0115/3599740008973.jpg,fish
7310500178288,Findus Crispy Cod Fillet 360g,Fish,Frozen Fish,Frozen Fish,Findus,,7.99,8.49,Each,0.36,kg,,Stock,,,No,0.0,A,2020-06-10T14:30:45.06,GREENS,127.0.0.1,347,,,0.0,0.0,0.0,0.0,0,,https://www.greens.com.mt/media/products/0230/7310500178288.jpg,fish
8057018226771,Findus Croccole 2pcs 216g,Fish,Frozen Fish,Frozen Fish,Findus,,7.95,9.32,Each,0.22,kg,,Stock,,,No,0.0,A,2023-09-29T14:23:16.683,GREENS,127.0.0.1,347,,,0.0,0.0,0.0,0.0,0,,https://www.greens.com.mt/media/products/0223/8057018226771.jpg,fish
8057018226658,Findus Croccole Con Omega 3pcs 200g,Fish,Frozen Fish,Frozen Fish,Findus,,7.95,9.32,Each,0.2,kg,,Stock,,,No,0.0,A,2023-09-29T14:23:16.67,GREENS,127.0.0.1,347,,,0.0,0.0,0.0,0.0,0,,https://www.greens.com.mt/media/products/0223/8057018226658.jpg,fish
8057018226801,Findus Croccole Spinaci 2x100g,Fish,Frozen Fish,Frozen Fish,Findus,,7.95,9.32,Each,0.2,kg,,Stock,,,No,0.0,A,2023-09-29T14:23:16.683,GREENS,127.0.0.1,347,,,0.0,0.0,0.0,0.0,0,,https://www.greens.com.mt/media/products/0223/8057018226801.jpg,fish
3599741006541,Findus Croustibat Fish Fingers 12 Pack 360g,Fish,Frozen Fish,Frozen Fish,Findus,,5.75,5.99,Each,0.36,kg,,Stock,,,No,0.0,A,2023-07-24T08:07:20.187,GREENS,127.0.0.1,347,,,0.0,0.0,0.0,0.0,0,,https://www.greens.com.mt/media/products/noimages.jpg,fish
8057018222506,Findus Filetti Di Merluzzo 360g,Fish,Frozen Fish,Frozen Fish,Findus,,8.99,10.57,Each,0.36,kg,,Stock,,,No,0.0,A,2021-04-28T08:00:28.743,GREENS,127.0.0.1,347,,,0.0,0.0,0.0,0.0,0,,https://www.greens.com.mt/media/products/0800/8057018222506.jpg,fish
8051084001126,Findus Filetti Di Merluzzo Gratinati Erbe Mediterranee 380g,Fish,Frozen Fish,Frozen Fish,Findus,,7.99,8.45,Each,0.38,kg,,Stock,,,No,0.0,A,2018-09-14T13:15:42.32,GREENS,127.0.0.1,347,,,0.0,0.0,0.0,0.0,0,,https://www.greens.com.mt/media/products/0115/8051084001126.jpg,fish
8051084000983,Findus Filetti Di Merluzzo Gratinati Pomodoro & Basilico 380g,Fish,Frozen Fish,Frozen Fish,Findus,,7.99,8.45,Each,0.38,kg,,Stock,,,No,0.0,A,2018-10-24T15:28:43.53,GREENS,127.0.0.1,347,,,0.0,0.0,0.0,0.0,0,,https://www.greens.com.mt/media/products/0328/8051084000983.jpg,fish
8051084007074,Findus Filetto Di Merluzzo 240g,Fish,Frozen Fish,Frozen Fish,Findus,,5.99,6.5,Each,0.24,kg,,Stock,,,No,0.0,A,2018-10-24T15:47:00.937,GREENS,127.0.0.1,347,,,0.0,0.0,0.0,0.0,0,,https://www.greens.com.mt/media/products/0347/8051084007074.jpg,fish
8051084006619,Findus Fiori Di Merluzzo X4 300g,Fish,Frozen Fish,Frozen Fish,Findus,,8.99,10.0,Each,0.3,kg,,Stock,,,No,0.0,A,2018-09-14T13:17:12.633,GREENS,127.0.0.1,347,,,0.0,0.0,0.0,0.0,0,,https://www.greens.com.mt/media/products/0117/8051084006619.jpg,fish
8051084006640,Findus Fiori Di Nasello 250g,Fish,Frozen Fish,Frozen Fish,Findus,,7.99,8.68,Each,0.3,kg,,Stock,,,No,0.0,A,2018-09-14T13:17:13.293,GREENS,127.0.0.1,347,,,0.0,0.0,0.0,0.0,0,,https://www.greens.com.mt/media/products/0117/8051084006640.jpg,fish
7310500074559,Findus Fish & Crispy Fillet 480g,Fish,Frozen Fish,Frozen Fish,Findus,,7.79,7.99,Each,0.48,kg,,Stock,,,No,0.0,A,2018-09-14T13:15:35.237,GREENS,127.0.0.1,347,,,0.0,0.0,0.0,0.0,0,,https://www.greens.com.mt/media/products/0115/7310500074559.jpg,fish
8000900127861,Findus Fish And Crock 300g,Fish,Frozen Fish,Frozen Fish,Findus,,6.99,8.06,Each,0.3,kg,,Stock,,,No,0.0,A,2018-09-14T13:14:44.42,GREENS,127.0.0.1,347,,,0.0,0.0,0.0,0.0,0,,https://www.greens.com.mt/media/products/0114/8000900127861.jpg,fish
7310500184937,Findus Fish Fingers 14pcs 350g,Fish,Frozen Fish,Frozen Fish,Findus,,4.86,4.99,Each,0.35,kg,,Stock,,,No,0.0,A,2022-01-28T16:13:10.457,GREENS,127.0.0.1,347,,,0.0,0.0,0.0,0.0,0,,https://www.greens.com.mt/media/products/0413/7310500184937.jpg,fish
8051084009238,Findus Merluzzo Gratin.sz Gluti 380g,Fish,Frozen Fish,Frozen Fish,Findus,,7.99,8.45,Each,0.38,kg,,Stock,,,No,0.0,A,2018-09-14T13:23:18.657,GREENS,127.0.0.1,347,,,0.0,0.0,0.0,0.0,0,,https://www.greens.com.mt/media/products/0123/8051084009238.jpg,fish
8057018224302,Findus Merluzzo Grigliato Pomodoro 250g,Fish,Frozen Fish,Frozen Fish,Findus,,5.99,6.5,Each,0.25,kg,,Stock,,,No,0.0,A,2021-11-04T14:04:31.117,GREENS,127.0.0.1,347,,,0.0,0.0,0.0,0.0,0,,https://www.greens.com.mt/media/products/0204/8057018224302.jpg,fish
8051084007043,Findus Nuggets Di Merluzzo D'alaska 245g,Fish,Frozen Fish,Frozen Fish,Findus,,5.89,6.36,Each,0.25,kg,,Stock,,,No,0.0,A,2018-09-14T13:17:22.127,GREENS,127.0.0.1,347,,,0.0,0.0,0.0,0.0,0,,https://www.greens.com.mt/media/products/0117/8051084007043.jpg,fish
8057018223916,Findus Pisellini Primavera 700gr,Fish,Frozen Fish,Frozen Fish,Findus,,4.99,5.5,Each,0.7,kg,,Stock,,,No,0.0,A,2022-05-10T17:06:59.503,GREENS,127.0.0.1,347,,,0.0,0.0,0.0,0.0,0,,https://www.greens.com.mt/media/products/0506/8057018223916.jpg,fish
7310500183541,Findus Salmon Fillet 500g,Fish,Frozen Fish,Frozen Fish,Findus,,17.54,17.99,Each,0.5,kg,,Stock,,,No,0.0,A,2020-12-10T10:00:08.253,GREENS,127.0.0.1,347,,,0.0,0.0,0.0,0.0,0,,https://www.greens.com.mt/media/products/1000/7310500183541.jpg,fish
5019101302345,Foxwood Premium Lemon & Pepper Sole Goujons 1.07kg,Fish,Frozen Fish,Frozen Fish,Foxwood,,17.95,20.0,Each,1.07,kg,,Stock,,,No,0.0,A,2019-05-02T16:29:30.927,GREENS,127.0.0.1,347,,,0.0,0.0,0.0,0.0,0,,https://www.greens.com.mt/media/products/0429/5019101302345.jpg,fish
2470020,Fresh Tuna Wild,Fish,Fresh Fish,Local Fresh Fish,,Refrigerated,13.5,13.5,Each,1.0,kg,,Weighted,,Malta,No,0.0,A,2018-09-20T13:53:31.263,GREENS,127.0.0.1,347,,,0.0,0.0,0.0,0.0,0,,https://www.greens.com.mt/media/products/0153/2470020.jpg,fish
4008366011988,Frosta Bastoncini Filetti Merluzo 300g,Fish,Frozen Fish,Frozen Fish,Frosta,,3.96,3.99,Each,0.3,kg,,Stock,,,No,0.0,A,2018-09-14T13:17:00.983,GREENS,127.0.0.1,347,,,0.0,0.0,0.0,0.0,0,,https://www.greens.com.mt/media/products/0117/4008366011988.jpg,fish
8052789532533,Frosta Bastoncini Salmone 10 X 300g,Fish,Frozen Fish,Frozen Fish,Frosta,,6.82,7.5,Each,0.3,kg,,Stock,,,No,0.0,A,2022-10-06T13:05:00.733,GREENS,127.0.0.1,347,,,0.0,0.0,0.0,0.0,0,,https://www.greens.com.mt/media/products/0105/8052789532533.jpg,fish
8052789531697,Frosta Bistecca Di Merluzzo Grigliata Olio Extra Vergine 250gr,Fish,Frozen Fish,Frozen Fish,,,5.99,7.72,Each,0.25,kg,,Stock,,,No,0.0,A,2023-05-29T12:22:31.993,GREENS,127.0.0.1,347,,,0.0,0.0,0.0,0.0,0,,https://www.greens.com.mt/media/products/1222/8052789531697.jpg,fish
4008366010820,Frosta Bocconcini Di Merluzzo 280g,Fish,Frozen Fish,Frozen Fish,Frosta,,4.96,4.99,Each,0.28,kg,,Stock,,,No,0.0,A,2018-09-14T13:17:00.97,GREENS,127.0.0.1,347,,,0.0,0.0,0.0,0.0,0,,https://www.greens.com.mt/media/products/0117/4008366010820.jpg,fish
4008366012756,Frosta Cod Fillets 240g,Fish,Frozen Fish,Frozen Fish,Frosta,,4.62,4.99,Each,0.24,kg,,Stock,,,No,0.0,A,2020-07-08T07:59:45.433,GREENS,127.0.0.1,347,,,0.0,0.0,0.0,0.0,0,,https://www.greens.com.mt/media/products/0759/4008366012756.jpg,fish
4008366012916,Frosta Croccanti Agli Spinaci 220g,Fish,Frozen Fish,Frozen Fish,Frosta,,3.99,4.73,Each,0.22,kg,,Stock,,,No,0.0,A,2020-07-22T16:11:40,GREENS,127.0.0.1,347,,,0.0,0.0,0.0,0.0,0,,https://www.greens.com.mt/media/products/0411/4008366012916.jpg,fish
8052789531390,Frosta Cuori Di Nasello 300g,Fish,Frozen Fish,Frozen Fish,Frosta,,6.99,8.0,Each,0.3,kg,,Stock,,,No,0.0,A,2019-08-02T19:39:35.543,GREENS,127.0.0.1,347,,,0.0,0.0,0.0,0.0,0,,https://www.greens.com.mt/media/products/0739/8052789531390.jpg,fish
8052789532915,Frosta Filetti Da Pesca Sostenible 340gr,Fish,Frozen Fish,Frozen Fish,,,6.99,8.79,Each,0.34,kg,,Stock,,,No,0.0,A,2023-05-29T12:22:31.993,GREENS,127.0.0.1,347,,,0.0,0.0,0.0,0.0,0,,https://www.greens.com.mt/media/products/1222/8052789532915.jpg,fish
5900972006527,Frosta Fish Burgers 210g,Fish,Frozen Fish,Frozen Fish,Frosta,,2.98,3.2,Each,0.21,kg,,Stock,,,No,0.0,A,2018-09-14T13:17:00.963,GREENS,127.0.0.1,347,,,0.0,0.0,0.0,0.0,0,,https://www.greens.com.mt/media/products/0117/5900972006527.jpg,fish
4008366010714,Frosta Merluzzo Gratin Pomodoro Basilico 360g,Fish,Frozen Fish,Frozen Fish,Frosta,,4.94,4.95,Each,0.36,kg,,Stock,,,No,0.0,A,2023-02-23T10:48:12.733,GREENS,127.0.0.1,347,,,0.0,0.0,0.0,0.0,0,,https://www.greens.com.mt/media/products/1048/4008366010714.jpg,fish
5436535690546,Frozen Cooked Squid Tentacles 1kg,Fish,Frozen Fish,Frozen Fish,,,10.904,11.51,Each,0.0,,,Stock,,,No,0.0,A,2019-02-15T18:46:19.31,GREENS,127.0.0.1,347,,,0.0,0.0,0.0,0.0,0,,https://www.greens.com.mt/media/products/0646/5436535690546.jpg,fish
2470706,Frozen Fish Burgers,Fish,Fresh Fish,Breaded Fish,,Refrigerated,4.9,4.9,Each,1.0,kg,,Weighted,,Malta,No,0.0,A,2020-02-27T14:29:17.63,GREENS,127.0.0.1,347,,,0.0,0.0,0.0,0.0,0,,https://www.greens.com.mt/media/products/noimages.jpg,fish
2472677,Frozen Neonati,Fish,Frozen Fish,Frozen Fish,,Refrigerated,16.0,16.0,Each,1.0,kg,,Weighted,,China,No,0.0,A,2023-07-28T15:24:06.483,GREENS,127.0.0.1,347,,,0.0,0.0,0.0,0.0,0,,https://www.greens.com.mt/media/products/noimages.jpg,fish
2470677,Frozen Neonati,Fish,Frozen Fish,Frozen Fish,,Refrigerated,16.0,16.0,Each,1.0,kg,,Weighted,,China,No,0.0,A,2023-07-28T15:24:06.483,GREENS,127.0.0.1,347,,,0.0,0.0,0.0,0.0,0,,https://www.greens.com.mt/media/products/noimages.jpg,fish
2470671,Frozen Salmon Heads,Fish,Frozen Fish,Frozen Fish,,Refrigerated,2.5,2.5,Each,1.0,kg,,Weighted,,Norway,No,0.0,A,2020-06-26T14:01:27.647,GREENS,127.0.0.1,347,,,0.0,0.0,0.0,0.0,0,,https://www.greens.com.mt/media/products/noimages.jpg,fish
2472671,Frozen Salmon Heads (g),Fish,Frozen Fish,Frozen Fish,,Refrigerated,3.95,3.95,Each,1.0,kg,,Weighted,,,No,0.0,A,2023-06-13T11:37:36.6,GREENS,127.0.0.1,347,,,0.0,0.0,0.0,0.0,0,,https://www.greens.com.mt/media/products/noimages.jpg,fish
2470700,Funny Fish ( Foreign )  - Fish,Fish,Fresh Fish,Breaded Fish,,Refrigerated,10.5,10.5,Each,1.0,kg,,Weighted,,Italia,No,0.0,A,2018-09-20T13:53:32.313,GREENS,127.0.0.1,347,,,0.0,0.0,0.0,0.0,0,,https://www.greens.com.mt/media/products/0153/2470700.jpg,fish
2470975,Gallina -gurnard(local) (gourmet),Fish,Fresh Fish,Gourmet Fish,,Refrigerated,29.0,29.0,Each,1.0,kg,,Weighted,,Malta,No,0.0,A,2019-09-26T09:33:39.027,GREENS,127.0.0.1,347,,,0.0,0.0,0.0,0.0,0,,https://www.greens.com.mt/media/products/noimages.jpg,fish
2470033,Gallina-gurnard ( Local ) - Fish,Fish,Fresh Fish,Local Fresh Fish,,Refrigerated,19.95,19.95,Each,1.0,kg,,Weighted,,Malta,No,0.0,A,2018-09-20T13:53:31.337,GREENS,127.0.0.1,347,,,0.0,0.0,0.0,0.0,0,,https://www.greens.com.mt/media/products/0153/2470033.jpg,fish
2470617,Gamberi Bianchi White Prawns ( Local ) - Fish,Fish,Frozen Fish,Frozen Fish,,Refrigerated,12.95,12.95,Each,1.0,kg,,Weighted,,Malta,No,0.0,A,2018-09-20T13:53:32.19,GREENS,127.0.0.1,347,,,0.0,0.0,0.0,0.0,0,,https://www.greens.com.mt/media/products/0153/2470617.jpg,fish
8015836150685,Genepesca Misto Scoglio 300g,Fish,Frozen Fish,Frozen Fish,,,4.95,4.98,Each,0.3,kg,,Stock,,,No,0.0,A,2019-05-28T16:46:48.937,GREENS,127.0.0.1,347,,,0.0,0.0,0.0,0.0,0,,https://www.greens.com.mt/media/products/0446/8015836150685.jpg,fish
8015836063572,Genepesca Polpi Indopacifici 450g,Fish,Frozen Fish,Frozen Fish,,,8.99,9.5,Each,0.45,kg,,Stock,,,No,0.0,A,2022-09-06T09:03:33.077,GREENS,127.0.0.1,347,,,0.0,0.0,0.0,0.0,0,,https://www.greens.com.mt/media/products/0903/8015836063572.jpg,fish
8015836061646,Genepesca Tentazione Cozze 300g,Fish,Frozen Fish,Frozen Fish,,,4.95,4.98,Each,0.3,kg,,Stock,,,No,0.0,A,2019-05-31T19:33:48.6,GREENS,127.0.0.1,347,,,0.0,0.0,0.0,0.0,0,,https://www.greens.com.mt/media/products/0733/8015836061646.jpg,fish
8015836063244,Genepesca Tentazione Crostac 300g,Fish,Frozen Fish,Frozen Fish,,,5.99,6.25,Each,0.3,kg,,Stock,,,No,0.0,A,2022-04-26T12:07:05.27,GREENS,127.0.0.1,347,,,0.0,0.0,0.0,0.0,0,,https://www.greens.com.mt/media/products/1207/8015836063244.jpg,fish
8015836061660,Genepesca Tentazione Vongole 300g,Fish,Frozen Fish,Frozen Fish,,,4.37,4.4,Each,0.3,kg,,Stock,,,No,0.0,A,2022-04-26T12:03:00.677,GREENS,127.0.0.1,347,,,0.0,0.0,0.0,0.0,0,,https://www.greens.com.mt/media/products/1203/8015836061660.jpg,fish
5397199002232,Green Isle Haddock 400g,Fish,Frozen Fish,Frozen Fish,Green Isle,,9.29,9.49,Each,0.4,kg,,Stock,,,No,0.0,A,2021-06-14T15:02:18.463,GREENS,127.0.0.1,347,,,0.0,0.0,0.0,0.0,0,,https://www.greens.com.mt/media/products/0302/5397199002232.jpg,fish
2470071,Gurbell - Meagre Gold,Fish,Fresh Fish,Foreign Fresh Fish,,Refrigerated,24.95,24.95,Each,1.0,kg,,Weighted,,Italia,No,0.0,A,2020-06-26T14:01:27.647,GREENS,127.0.0.1,347,,,0.0,0.0,0.0,0.0,0,,https://www.greens.com.mt/media/products/0201/2470071.jpg,fish
2470006,Gurbell-meagre  ( Local ) - Fish,Fish,Fresh Fish,Local Fresh Fish,,Refrigerated,12.0,12.0,Each,1.0,kg,,Weighted,,Malta,No,0.0,A,2018-09-20T13:53:31.123,GREENS,127.0.0.1,347,,,0.0,0.0,0.0,0.0,0,,https://www.greens.com.mt/media/products/0153/2470006.jpg,fish
2470965,Gurbell-meagre (local) (gourmet),Fish,Fresh Fish,Gourmet Fish,,Refrigerated,25.0,25.0,Each,1.0,kg,,Weighted,,Malta,No,0.0,A,2019-09-26T09:33:38.367,GREENS,127.0.0.1,347,,,0.0,0.0,0.0,0.0,0,,https://www.greens.com.mt/media/products/0933/2470965.jpg,fish
5060013970511,H Harvest Smoked Salmon 100g,Fish,Frozen Fish,Frozen Fish,High Harvest,,5.89,5.99,Each,0.1,kg,,Stock,,,No,0.0,A,2018-09-14T13:14:35.697,GREENS,127.0.0.1,347,,,0.0,0.0,0.0,0.0,0,,https://www.greens.com.mt/media/products/0114/5060013970511.jpg,fish
2470051,Hamiema (skate) - Fish,Fish,Fresh Fish,Local Fresh Fish,,Refrigerated,7.5,7.5,Each,1.0,kg,,Weighted,,Malta,No,0.0,A,2019-05-28T16:50:09.24,GREENS,127.0.0.1,347,,,0.0,0.0,0.0,0.0,0,,https://www.greens.com.mt/media/products/0450/2470051.jpg,fish
2472331,Herring Rolled,Fish,Fresh Fish,Ready Made Fish,,Refrigerated,25.95,25.95,Each,1.0,kg,,Weighted,,Netherlands,No,0.0,A,2023-10-28T12:06:39.77,GREENS,127.0.0.1,347,,,0.0,0.0,0.0,0.0,0,,https://www.greens.com.mt/media/products/noimages.jpg,fish
2470331,Herring Rolled,Fish,Fresh Fish,Ready Made Fish,,Refrigerated,25.95,25.95,Each,1.0,kg,,Weighted,,Netherlands,No,0.0,A,2023-10-28T12:06:39.753,GREENS,127.0.0.1,347,,,0.0,0.0,0.0,0.0,0,,https://www.greens.com.mt/media/products/noimages.jpg,fish
5060013970528,"Highland Harvest Smoked Salmon, 200g",Fish,Frozen Fish,Frozen Fish,High Harvest,,9.79,9.99,Each,0.2,kg,,Stock,,,No,0.0,A,2018-09-14T13:14:37.62,GREENS,127.0.0.1,347,,,0.0,0.0,0.0,0.0,0,,https://www.greens.com.mt/media/products/0114/5060013970528.jpg,fish
2471005,Homemade Smoked Acciola,Fish,Fresh Fish,Gourmet Fish,,Refrigerated,37.75,37.75,Each,1.0,p,,Weighted,,,No,0.0,A,2022-12-03T12:12:17.22,GREENS,127.0.0.1,347,,,0.0,0.0,0.0,0.0,0,,https://www.greens.com.mt/media/products/noimages.jpg,fish
2470945,Homemade Smoked Salmon,Fish,Fresh Fish,Gourmet Fish,Greens Products,Refrigerated,38.1,38.1,Each,1.0,kg,,Weighted,,Norway,No,0.0,A,2018-12-10T13:32:32.09,GREENS,127.0.0.1,347,,,0.0,0.0,0.0,0.0,0,,https://www.greens.com.mt/media/products/noimages.jpg,fish
2470943,Homemade Smoked Salmon - Fish,Fish,Fresh Fish,Gourmet Fish,Greens Products,Refrigerated,36.5,36.5,Each,1.0,kg,,Weighted,,Norway,No,0.0,A,2018-12-07T17:32:42.867,GREENS,127.0.0.1,347,,,0.0,0.0,0.0,0.0,0,,https://www.greens.com.mt/media/products/0532/2470943.jpg,fish
5905009024246,Ittitalia Ocean Catch Fish Fingers 300g,Fish,Frozen Fish,Frozen Fish,Ittitalia,,2.89,3.09,Each,0.3,kg,,Stock,,,No,0.0,A,2018-09-14T13:16:51.677,GREENS,127.0.0.1,347,,,0.0,0.0,0.0,0.0,0,,https://www.greens.com.mt/media/products/0116/5905009024246.jpg,fish
5905009023669,Ittitalia Ocean Catch Fish Fingers 900g,Fish,Frozen Fish,Frozen Fish,Ittitalia,,6.87,6.99,Each,0.9,kg,,Stock,,,No,0.0,A,2018-09-14T13:16:51.67,GREENS,127.0.0.1,347,,,0.0,0.0,0.0,0.0,0,,https://www.greens.com.mt/media/products/0116/5905009023669.jpg,fish
8032745831689,Ittitalia Vongole 500g,Fish,Frozen Fish,Frozen Fish,La Ciurma,,4.51,4.59,Each,0.5,kg,,Stock,,,No,0.0,A,2019-06-20T11:40:40.86,GREENS,127.0.0.1,347,,,0.0,0.0,0.0,0.0,0,,https://www.greens.com.mt/media/products/1140/8032745831689.jpg,fish
2470976,Kahli -saddled Bream(local) (gourmet),Fish,Fresh Fish,Gourmet Fish,,Refrigerated,23.0,23.0,Each,1.0,kg,,Weighted,,Malta,No,0.0,A,2019-09-26T09:33:39.04,GREENS,127.0.0.1,347,,,0.0,0.0,0.0,0.0,0,,https://www.greens.com.mt/media/products/noimages.jpg,fish
2470035,Kavalli-chub Mackarel ( Local ) - Fish,Fish,Fresh Fish,Local Fresh Fish,,Refrigerated,7.45,7.45,Each,1.0,kg,,Weighted,,Malta,No,0.0,A,2018-09-20T13:53:31.353,GREENS,127.0.0.1,347,,,0.0,0.0,0.0,0.0,0,,https://www.greens.com.mt/media/products/0153/2470035.jpg,fish
2470611,King Prawns (l1) Foreign,Fish,Fresh Fish,Shellfish,,Refrigerated,14.95,14.95,Each,1.0,kg,,Weighted,,,No,0.0,A,2018-09-20T13:53:32.173,GREENS,127.0.0.1,347,,,0.0,0.0,0.0,0.0,0,,https://www.greens.com.mt/media/products/0153/2470611.jpg,fish
2470629,King Prawns Rossi 03 ( Local ) - Fish,Fish,Frozen Fish,Frozen Fish,,Refrigerated,48.5,48.5,Each,1.0,kg,,Weighted,,,No,0.0,A,2018-09-20T13:53:32.243,GREENS,127.0.0.1,347,,,0.0,0.0,0.0,0.0,0,,https://www.greens.com.mt/media/products/0153/2470629.jpg,fish
09661988599,Kirkland Signature Farm Raised Raw Prawns Tail On 11/15 680gt,Fish,Frozen Fish,Frozen Fish,Kirkland,,29.35,30.0,Each,0.68,kg,,Stock,,,No,0.0,A,2023-05-23T13:23:02.14,GREENS,127.0.0.1,347,,,0.0,0.0,0.0,0.0,0,,https://www.greens.com.mt/media/products/noimages.jpg,fish
096619886005,Kirkland Signature Raw Tail On Shrimps 908g,Fish,Frozen Fish,Frozen Fish,Kirkland,,31.45,33.0,Each,0.91,kg,,Stock,,,No,0.0,A,2022-12-27T09:08:16.073,GREENS,127.0.0.1,347,,,0.0,0.0,0.0,0.0,0,,https://www.greens.com.mt/media/products/0908/096619886005.jpg,fish
96619886036,Kirkland Signature Raw Tail Shrimps 908g,Fish,Frozen Fish,Frozen Fish,Kirkland,,27.25,30.0,Each,0.91,kg,,Stock,,,No,0.0,A,2022-12-27T09:08:16.073,GREENS,127.0.0.1,347,,,0.0,0.0,0.0,0.0,0,,https://www.greens.com.mt/media/products/0908/96619886036.jpg,fish
096619267934,Kirkland Signature Tempura Shrimp 30 Ct 1.07kg,Fish,Frozen Fish,Frozen Fish,Kirkland,,31.34,35.0,Each,1.07,kg,,Stock,,,No,0.0,A,2020-04-24T15:31:44.24,GREENS,127.0.0.1,347,,,0.0,0.0,0.0,0.0,0,,https://www.greens.com.mt/media/products/0331/096619267934.jpg,fish
8711239047286,"Klaas Puul Pink Shrimps, 400g",Fish,Frozen Fish,Frozen Fish,,,6.35,6.37,Each,0.4,kg,,Stock,,,No,0.0,A,2018-09-14T13:16:09.817,GREENS,127.0.0.1,347,,,0.0,0.0,0.0,0.0,0,,https://www.greens.com.mt/media/products/0116/8711239047286.jpg,fish
8711239026021,Klaas Puul Seafood Mix 500g,Fish,Frozen Fish,Frozen Fish,Kolios,,5.52,5.85,Each,0.5,kg,,Stock,,,No,0.0,A,2018-09-14T13:14:50.073,GREENS,127.0.0.1,347,,,0.0,0.0,0.0,0.0,0,,https://www.greens.com.mt/media/products/0114/8711239026021.jpg,fish
8001186000732,La Ciurma Breaded Calamari Rings 500g,Fish,Frozen Fish,Frozen Fish,La Ciurma,,5.3,5.39,Each,0.5,kg,,Stock,,,No,0.0,A,2018-09-14T13:14:47.1,GREENS,127.0.0.1,347,,,0.0,0.0,0.0,0.0,0,,https://www.greens.com.mt/media/products/0114/8001186000732.jpg,fish
8032745830187,La Ciurma Cozze Scusgiate 250g,Fish,Frozen Fish,Frozen Fish,La Ciurma,,3.36,3.59,Each,0.25,kg,,Stock,,,No,0.0,A,2019-09-13T12:37:45.607,GREENS,127.0.0.1,347,,,0.0,0.0,0.0,0.0,0,,https://www.greens.com.mt/media/products/1237/8032745830187.jpg,fish
8032745831856,La Ciurma Filetti Di Meluzzo 640g,Fish,Frozen Fish,Frozen Fish,La Ciurma,,6.99,8.0,Each,0.64,kg,,Stock,,,No,0.0,A,2018-09-14T13:16:28.697,GREENS,127.0.0.1,347,,,0.0,0.0,0.0,0.0,0,,https://www.greens.com.mt/media/products/0116/8032745831856.jpg,fish
8032745830057,La Ciurma Shrimps 500g,Fish,Frozen Fish,Frozen Fish,La Ciurma,,9.52,9.69,Each,0.5,kg,,Stock,,,No,0.0,A,2018-09-14T13:14:27.3,GREENS,127.0.0.1,347,,,0.0,0.0,0.0,0.0,0,,https://www.greens.com.mt/media/products/0114/8032745830057.jpg,fish
5413270186407,La Ciurma Whole Mussels,Fish,Frozen Fish,Frozen Fish,La Ciurma,,7.85,7.99,Each,1.0,p,,Stock,,,No,0.0,A,2022-10-28T08:06:10.28,GREENS,127.0.0.1,347,,,0.0,0.0,0.0,0.0,0,,https://www.greens.com.mt/media/products/noimages.jpg,fish
2470618,Langoustine / Scampi Whole ( Local ) - Fish,Fish,Frozen Fish,Frozen Fish,,Refrigerated,49.95,49.95,Each,1.0,kg,,Weighted,,Malta,No,0.0,A,2018-09-20T13:53:32.197,GREENS,127.0.0.1,347,,,0.0,0.0,0.0,0.0,0,,https://www.greens.com.mt/media/products/0153/2470618.jpg,fish
2470229,Limone Di Mare,Fish,Fresh Fish,Shellfish,,Refrigerated,28.0,28.0,Each,1.0,kg,,Weighted,,,No,0.0,A,2021-09-17T11:03:57.137,GREENS,127.0.0.1,347,,,0.0,0.0,0.0,0.0,0,,https://www.greens.com.mt/media/products/noimages.jpg,fish
2470038,Lipp ( Local ) - Fish,Fish,Fresh Fish,Local Fresh Fish,,Refrigerated,16.5,16.5,Each,1.0,kg,,Weighted,,Malta,No,0.0,A,2018-09-20T13:53:31.367,GREENS,127.0.0.1,347,,,0.0,0.0,0.0,0.0,0,,https://www.greens.com.mt/media/products/0153/2470038.jpg,fish
2470068,Lipp-blue Ling,Fish,Fresh Fish,Local Fresh Fish,,Refrigerated,19.5,19.5,Each,1.0,kg,,Weighted,,Malta,No,0.0,A,2020-02-03T17:30:30.97,GREENS,127.0.0.1,347,,,0.0,0.0,0.0,0.0,0,,https://www.greens.com.mt/media/products/0530/2470068.jpg,fish
2470200,Lobster (local) - Fish,Fish,Fresh Fish,Shellfish,Greens Products,Refrigerated,39.0,39.0,Each,1.0,kg,,Weighted,,,No,0.0,A,2018-09-20T13:53:31.5,GREENS,127.0.0.1,347,,,0.0,0.0,0.0,0.0,0,,https://www.greens.com.mt/media/products/0153/2470200.jpg,fish
2470077,Local Sargi Medium- White Bream,Fish,Fresh Fish,Local Fresh Fish,Greens Products,Refrigerated,14.0,14.0,Each,1.0,kg,,Weighted,,Malta,No,0.0,A,2021-04-19T11:01:11.893,GREENS,127.0.0.1,347,,,0.0,0.0,0.0,0.0,0,,https://www.greens.com.mt/media/products/noimages.jpg,fish
2470019,Maltese Cerna Grouper ( Local ) - Fish,Fish,Fresh Fish,Local Fresh Fish,,Refrigerated,29.5,29.5,Each,1.0,kg,,Weighted,,Malta,No,0.0,A,2018-09-20T13:53:31.257,GREENS,127.0.0.1,347,,,0.0,0.0,0.0,0.0,0,,https://www.greens.com.mt/media/products/0153/2470019.jpg,fish
8025403009681,Mare Pronto The Fish Burger Branzino 170gr,Fish,Frozen Fish,Frozen Fish,,,4.99,6.32,Each,0.17,kg,,Stock,,,No,0.0,A,2023-05-29T16:22:11.787,GREENS,127.0.0.1,347,,,0.0,0.0,0.0,0.0,0,,https://www.greens.com.mt/media/products/noimages.jpg,fish
8025403009490,Mare Pronto The Fish Burger Merluzzo 170gr,Fish,Frozen Fish,Frozen Fish,,,4.99,6.32,Each,0.17,kg,,Stock,,,No,0.0,A,2023-05-29T16:22:11.787,GREENS,127.0.0.1,347,,,0.0,0.0,0.0,0.0,0,,https://www.greens.com.mt/media/products/noimages.jpg,fish
8025403009391,Mare Pronto The Fish Burger Salmone 170gr,Fish,Frozen Fish,Frozen Fish,,,5.99,7.5,Each,0.17,kg,,Stock,,,No,0.0,A,2023-05-29T16:22:11.803,GREENS,127.0.0.1,347,,,0.0,0.0,0.0,0.0,0,,https://www.greens.com.mt/media/products/noimages.jpg,fish
8025403009292,Mare Pronto The Fish Burger Tonno 170gr,Fish,Frozen Fish,Frozen Fish,,,4.99,5.82,Each,0.17,kg,,Stock,,,No,0.0,A,2023-05-29T16:22:11.803,GREENS,127.0.0.1,347,,,0.0,0.0,0.0,0.0,0,,https://www.greens.com.mt/media/products/noimages.jpg,fish
5602489003333,Marfrio Argentin Red Shrimp 800g,Fish,Frozen Fish,Frozen Fish,,,19.81,19.99,Each,0.8,kg,,Stock,,,No,0.0,A,2018-09-14T13:15:34.277,GREENS,127.0.0.1,347,,,0.0,0.0,0.0,0.0,0,,https://www.greens.com.mt/media/products/0115/5602489003333.jpg,fish
5602489012380,Marfrio Seafood Mix 500g (misto),Fish,Frozen Fish,Frozen Fish,,,8.42,8.5,Each,0.5,kg,,Stock,,,No,0.0,A,2018-09-14T13:16:20.72,GREENS,127.0.0.1,347,,,0.0,0.0,0.0,0.0,0,,https://www.greens.com.mt/media/products/0116/5602489012380.jpg,fish
2470969,Merluzz (cod) (local) (gourmet),Fish,Fresh Fish,Gourmet Fish,,Refrigerated,28.0,28.0,Each,1.0,kg,,Weighted,,Malta,No,0.0,A,2019-09-26T09:33:38.93,GREENS,127.0.0.1,347,,,0.0,0.0,0.0,0.0,0,,https://www.greens.com.mt/media/products/noimages.jpg,fish
8011314000015,Merluzzi Decap. Frigo 1kg,Fish,Frozen Fish,Frozen Fish,Merluzzi,,9.95,11.94,Each,1.0,kg,,Stock,,,No,0.0,A,2023-10-05T09:06:12.563,GREENS,127.0.0.1,347,,,0.0,0.0,0.0,0.0,0,,https://www.greens.com.mt/media/products/noimages.jpg,fish
2470955,Mixed Combo,Fish,Fresh Fish,Gourmet Fish,Greens Products,Refrigerated,7.6,7.6,Each,1.0,p,,Stock,,,No,0.0,A,2019-06-19T17:34:03.933,GREENS,127.0.0.1,347,,,0.0,0.0,0.0,0.0,0,,https://www.greens.com.mt/media/products/noimages.jpg,fish
2470987,Mixed Seafood With Herbs,Fish,Fresh Fish,Gourmet Fish,,Refrigerated,12.0,12.0,Each,1.0,kg,,Weighted,,Malta,No,0.0,A,2021-08-09T14:07:21.197,GREENS,127.0.0.1,347,,,0.0,0.0,0.0,0.0,0,,https://www.greens.com.mt/media/products/noimages.jpg,fish
0137FCP,Mizkan Honteri 18l,Fish,Fresh Fish,Other Fish,,,60.0,60.0,Each,1.0,l,,Stock,,,No,0.0,A,2022-07-22T15:09:21.773,GREENS,127.0.0.1,347,,,0.0,0.0,0.0,0.0,0,,https://www.greens.com.mt/media/products/noimages.jpg,fish
2470040,Monk Fish-petrica  ( Local ) - Fish,Fish,Fresh Fish,Local Fresh Fish,,Refrigerated,13.85,13.85,Each,1.0,kg,,Weighted,,Malta,No,0.0,A,2018-09-20T13:53:31.383,GREENS,127.0.0.1,347,,,0.0,0.0,0.0,0.0,0,,https://www.greens.com.mt/media/products/0153/2470040.jpg,fish
2470935,Monk Fish-petrica- Speck Roll - Fish,Fish,Fresh Fish,Gourmet Fish,,Refrigerated,26.5,26.5,Each,1.0,kg,,Weighted,,Malta,No,0.0,A,2018-09-20T13:54:17.047,GREENS,127.0.0.1,347,,,0.0,0.0,0.0,0.0,0,,https://www.greens.com.mt/media/products/0154/2470935.jpg,fish
8719661047744,Moving Mountains Fish Fingers 180g,Fish,Frozen Fish,Frozen Fish,MOVING MOUNTAINS,,4.39,4.49,Each,0.18,kg,,Stock,,,No,0.0,A,2021-05-04T12:58:35.11,GREENS,127.0.0.1,347,,,0.0,0.0,0.0,0.0,0,,https://www.greens.com.mt/media/products/1258/8719661047744.jpg,fish
2470205,Mussels Fish,Fish,Fresh Fish,Shellfish,Greens Products,Refrigerated,5.5,5.5,Each,1.0,kg,,Weighted,,,No,0.0,A,2018-09-20T13:53:32.013,GREENS,127.0.0.1,347,,,0.0,0.0,0.0,0.0,0,,https://www.greens.com.mt/media/products/0153/2470205.jpg,fish
4026813420060,Natural Cool Organic Blackberries 300g,Fish,Frozen Fish,Frozen Fish,,,4.99,5.16,Each,0.3,kg,,Stock,,,No,0.0,A,2020-08-24T16:18:31.09,GREENS,127.0.0.1,347,,,0.0,0.0,0.0,0.0,0,,https://www.greens.com.mt/media/products/0418/4026813420060.jpg,fish
4026813110220,Natural Cool Organic Blueberries 300g,Fish,Frozen Fish,Frozen Fish,,,5.24,5.46,Each,0.3,kg,,Stock,,,No,0.0,A,2020-08-24T16:18:31.09,GREENS,127.0.0.1,347,,,0.0,0.0,0.0,0.0,0,,https://www.greens.com.mt/media/products/0418/4026813110220.jpg,fish
4026813420053,Natural Cool Organic Mangos 300g,Fish,Frozen Fish,Frozen Fish,,,4.95,5.16,Each,0.3,kg,,Stock,,,No,0.0,A,2020-08-24T16:18:31.057,GREENS,127.0.0.1,347,,,0.0,0.0,0.0,0.0,0,,https://www.greens.com.mt/media/products/0418/4026813420053.jpg,fish
4026813110213,Natural Cool Organic Mixed Berries 300g,Fish,Frozen Fish,Frozen Fish,,,5.24,5.46,Each,0.3,kg,,Stock,,,No,0.0,A,2018-10-24T15:43:14.313,GREENS,127.0.0.1,347,,,0.0,0.0,0.0,0.0,0,,https://www.greens.com.mt/media/products/0343/4026813110213.jpg,fish
4026813110206,Natural Cool Organic Raspberries 300g,Fish,Frozen Fish,Frozen Fish,,,5.24,5.46,Each,0.3,kg,,Stock,,,No,0.0,A,2020-08-24T16:18:31.073,GREENS,127.0.0.1,347,,,0.0,0.0,0.0,0.0,0,,https://www.greens.com.mt/media/products/0418/4026813110206.jpg,fish
5350533001735,Nettuno Breaded Fish 300g,Fish,Frozen Fish,Frozen Fish,,,3.91,3.99,Each,0.36,kg,,Stock,,,No,0.0,A,2023-04-08T11:09:01.973,GREENS,127.0.0.1,347,,,0.0,0.0,0.0,0.0,0,,https://www.greens.com.mt/media/products/noimages.jpg,fish
8414973011420,Nettuno Cooked & Chopped Squid 500g,Fish,Frozen Fish,Frozen Fish,,,8.54,8.6,Each,0.5,kg,,Stock,,,No,0.0,A,2021-05-10T10:58:32.867,GREENS,127.0.0.1,347,,,0.0,0.0,0.0,0.0,0,,https://www.greens.com.mt/media/products/1058/8414973011420.jpg,fish
5350533001711,Nettuno Fish Nuggets 360g,Fish,Frozen Fish,Frozen Fish,,,4.86,4.97,Each,0.36,kg,,Stock,,,No,0.0,A,2023-04-08T11:09:02.02,GREENS,127.0.0.1,347,,,0.0,0.0,0.0,0.0,0,,https://www.greens.com.mt/media/products/noimages.jpg,fish
8414973016852,Nettuno Mussel Meat 500g,Fish,Frozen Fish,Frozen Fish,,,4.91,4.95,Each,0.5,kg,,Stock,,,No,0.0,A,2021-05-10T10:58:32.883,GREENS,127.0.0.1,347,,,0.0,0.0,0.0,0.0,0,,https://www.greens.com.mt/media/products/1058/8414973016852.jpg,fish
5027891241676,Nettuno Prawns 100/200 500g,Fish,Frozen Fish,Frozen Fish,,,7.44,7.5,Each,0.5,kg,,Stock,,,No,0.0,A,2023-02-14T13:22:17.717,GREENS,127.0.0.1,347,,,0.0,0.0,0.0,0.0,0,,https://www.greens.com.mt/media/products/noimages.jpg,fish
8720088532553,Nettuno Salmon Fillet Portions 4x125g,Fish,Frozen Fish,Frozen Fish,,,16.85,17.2,Each,4.0,p,,Stock,,,No,0.0,A,2023-02-14T12:10:46.01,GREENS,127.0.0.1,347,,,0.0,0.0,0.0,0.0,0,,https://www.greens.com.mt/media/products/1210/8720088532553.jpg,fish
8936002980465,Nettuno Shrimps Surimi 500g,Fish,Frozen Fish,Frozen Fish,,,6.85,6.9,Each,0.5,kg,,Stock,,,No,0.0,A,2023-07-03T16:08:22.767,GREENS,127.0.0.1,347,,,0.0,0.0,0.0,0.0,0,,https://www.greens.com.mt/media/products/noimages.jpg,fish
5350533000813,Nettuno Smoked Salmon Trimmings 500g,Fish,Frozen Fish,Frozen Fish,,,8.79,9.5,Each,0.5,kg,,Stock,,,No,0.0,A,2023-02-14T12:10:47.073,GREENS,127.0.0.1,347,,,0.0,0.0,0.0,0.0,0,,https://www.greens.com.mt/media/products/1210/5350533000813.jpg,fish
8414973004491,Nettuno Superior Seafood 500g,Fish,Frozen Fish,Frozen Fish,,,6.29,6.45,Each,0.5,kg,,Stock,,,No,0.0,A,2023-07-03T16:22:58.077,GREENS,127.0.0.1,347,,,0.0,0.0,0.0,0.0,0,,https://www.greens.com.mt/media/products/noimages.jpg,fish
5701665430458,Norlax Smoked Salmon 200g,Fish,Frozen Fish,Frozen Fish,Norlax,,9.99,10.96,Each,0.2,kg,,Stock,,,No,0.0,A,2018-09-14T13:14:34.75,GREENS,127.0.0.1,347,,,0.0,0.0,0.0,0.0,0,,https://www.greens.com.mt/media/products/0114/5701665430458.jpg,fish
5710678000251,Norwegian Skinless Salmon Fillets  500g,Fish,Frozen Fish,Frozen Fish,Norwegian,,19.6,19.99,Each,0.5,kg,,Stock,,,No,0.0,A,2020-07-08T10:01:46.267,GREENS,127.0.0.1,347,,,0.0,0.0,0.0,0.0,0,,https://www.greens.com.mt/media/products/1001/5710678000251.jpg,fish
2470214,Octopus ( Foreign ) Qarnita - Fish,Fish,Fresh Fish,Shellfish,,Refrigerated,12.0,12.0,Each,1.0,kg,,Weighted,,Italia,No,0.0,A,2018-09-20T13:53:32.08,GREENS,127.0.0.1,347,,,0.0,0.0,0.0,0.0,0,,https://www.greens.com.mt/media/products/0153/2470214.jpg,fish
2470333,Octopus Cooked,Fish,Frozen Fish,Frozen Fish,,Refrigerated,21.95,21.95,Each,1.0,kg,,Weighted,,Malta,No,0.0,A,2023-11-14T15:23:21.753,GREENS,127.0.0.1,347,,,0.0,0.0,0.0,0.0,0,,https://www.greens.com.mt/media/products/noimages.jpg,fish
2470909,Octopus Salad - Fish,Fish,Fresh Fish,Gourmet Fish,,Refrigerated,27.0,27.0,Each,1.0,kg,,Weighted,,Malta,No,0.0,A,2018-09-20T13:53:32.403,GREENS,127.0.0.1,347,,,0.0,0.0,0.0,0.0,0,,https://www.greens.com.mt/media/products/0153/2470909.jpg,fish
2470207,Oysters ( Foreign ) - Fish,Fish,Fresh Fish,Shellfish,,Refrigerated,12.95,12.95,Each,1.0,kg,,Weighted,,France,No,0.0,A,2018-09-20T13:53:32.027,GREENS,127.0.0.1,347,,,0.0,0.0,0.0,0.0,0,,https://www.greens.com.mt/media/products/0153/2470207.jpg,fish
2470110,Pagell -pandora  (red Snapper) - Fish,Fish,Fresh Fish,Foreign Fresh Fish,,Refrigerated,14.95,14.95,Each,1.0,kg,,Weighted,,Greece,No,0.0,A,2018-09-20T13:53:31.46,GREENS,127.0.0.1,347,,,0.0,0.0,0.0,0.0,0,,https://www.greens.com.mt/media/products/0153/2470110.jpg,fish
2470966,Pagell -pandora (red Snapper) (local) (gourmet),Fish,Fresh Fish,Gourmet Fish,,Refrigerated,33.0,33.0,Each,1.0,kg,,Weighted,,Malta,No,0.0,A,2019-09-26T09:33:38.367,GREENS,127.0.0.1,347,,,0.0,0.0,0.0,0.0,0,,https://www.greens.com.mt/media/products/noimages.jpg,fish
2470007,Pagell-pandora  ( Red Snaper )  ( Local ) - Fish,Fish,Fresh Fish,Local Fresh Fish,,Refrigerated,25.95,25.95,Each,1.0,kg,,Weighted,,Malta,No,0.0,A,2018-09-20T13:53:31.143,GREENS,127.0.0.1,347,,,0.0,0.0,0.0,0.0,0,,https://www.greens.com.mt/media/products/0153/2470007.jpg,fish
2470982,Pagell-pandora (red Snapper) (local) (gourmet),Fish,Fresh Fish,Gourmet Fish,,Refrigerated,25.0,25.0,Each,1.0,kg,,Weighted,,Malta,No,0.0,A,2019-09-26T09:33:39.073,GREENS,127.0.0.1,347,,,0.0,0.0,0.0,0.0,0,,https://www.greens.com.mt/media/products/0933/2470982.jpg,fish
2470009,Pagru - Red Porgy Steak,Fish,Fresh Fish,Local Fresh Fish,,Refrigerated,31.0,31.0,Each,1.0,kg,,Weighted,,Malta,No,0.0,A,2018-09-20T13:53:31.183,GREENS,127.0.0.1,347,,,0.0,0.0,0.0,0.0,0,,https://www.greens.com.mt/media/products/0153/2470009.jpg,fish
2470600,Pangasio Fillet ( Foreign ) - Fish,Fish,Frozen Fish,Frozen Fish,,Refrigerated,9.0,9.0,Each,1.0,kg,,Weighted,,Italia,No,0.0,A,2019-12-29T10:36:37.88,GREENS,127.0.0.1,347,,,0.0,0.0,0.0,0.0,0,,https://www.greens.com.mt/media/products/noimages.jpg,fish
2470119,Perch Fillet ( Foreign ) - Fish,Fish,Fresh Fish,Foreign Fresh Fish,,Refrigerated,14.95,14.95,Each,1.0,kg,,Weighted,,Uganda,No,0.0,A,2018-09-20T13:53:31.483,GREENS,127.0.0.1,347,,,0.0,0.0,0.0,0.0,0,,https://www.greens.com.mt/media/products/0153/2470119.jpg,fish
2470983,Perch Fillet (foreign) (gourmet),Fish,Fresh Fish,Gourmet Fish,,Refrigerated,22.0,22.0,Each,1.0,kg,,Weighted,,Tanzania,No,0.0,A,2019-09-26T09:33:39.073,GREENS,127.0.0.1,347,,,0.0,0.0,0.0,0.0,0,,https://www.greens.com.mt/media/products/noimages.jpg,fish
2470027,Pixxi San Pietru ( Local ) (john Dory )- Fish,Fish,Fresh Fish,Local Fresh Fish,,Refrigerated,27.5,27.5,Each,1.0,kg,,Weighted,,Malta,No,0.0,A,2018-09-20T13:53:31.307,GREENS,127.0.0.1,347,,,0.0,0.0,0.0,0.0,0,,https://www.greens.com.mt/media/products/0153/2470027.jpg,fish
2470974,Pixxi San Pietru (john Dory)(local) (gourmet),Fish,Fresh Fish,Gourmet Fish,,Refrigerated,38.0,38.0,Each,1.0,kg,,Weighted,,Malta,No,0.0,A,2019-09-26T09:33:39.027,GREENS,127.0.0.1,347,,,0.0,0.0,0.0,0.0,0,,https://www.greens.com.mt/media/products/0933/2470974.jpg,fish
2473042,Pixxi San Pietru (john Dory)(local) (gourmet) (g),Fish,Fresh Fish,Gourmet Fish,,Refrigerated,38.0,38.0,Each,1.0,kg,,Weighted,,,No,0.0,A,2023-06-06T14:52:37.587,GREENS,127.0.0.1,347,,,0.0,0.0,0.0,0.0,0,,https://www.greens.com.mt/media/products/noimages.jpg,fish
2470023,Pixxispat (swordfish) Steak - Fish,Fish,Fresh Fish,Local Fresh Fish,,Refrigerated,16.75,16.75,Each,1.0,kg,,Weighted,,Malta,No,0.0,A,2018-10-29T11:22:00.453,GREENS,127.0.0.1,347,,,0.0,0.0,0.0,0.0,0,,https://www.greens.com.mt/media/products/1122/2470023.jpg,fish
5710881254045,Planets Pride Bao Buns Folded Black 990g 22pcs,Fish,Frozen Fish,Frozen Fish,,,15.22,17.0,Each,0.99,kg,,Stock,,,No,0.0,A,2023-06-30T08:37:32.74,GREENS,127.0.0.1,347,,,0.0,0.0,0.0,0.0,0,,https://www.greens.com.mt/media/products/0837/5710881254045.jpg,fish
5710881254052,Planets Pride Bao Buns Folded White 990g 22pcs,Fish,Frozen Fish,Frozen Fish,,,13.6,15.0,Each,0.99,kg,,Stock,,,No,0.0,A,2023-06-30T08:37:32.723,GREENS,127.0.0.1,347,,,0.0,0.0,0.0,0.0,0,,https://www.greens.com.mt/media/products/noimages.jpg,fish
5710881641302,Planets Pride Goma Wakame 250g,Fish,Frozen Fish,Frozen Fish,,,2.95,3.5,Each,0.25,kg,,Stock,,,No,0.0,A,2023-06-30T08:37:32.753,GREENS,127.0.0.1,347,,,0.0,0.0,0.0,0.0,0,,https://www.greens.com.mt/media/products/noimages.jpg,fish
5702008260633,Planets Pride Mussels Green Shell 800g,Fish,Frozen Fish,Frozen Fish,,,18.38,20.0,Each,0.8,kg,,Stock,,,No,0.0,A,2023-06-30T08:37:32.677,GREENS,127.0.0.1,347,,,0.0,0.0,0.0,0.0,0,,https://www.greens.com.mt/media/products/noimages.jpg,fish
5710881212281,Planets Pride Octupus Baby 800g,Fish,Frozen Fish,Frozen Fish,,,13.63,15.4,Each,0.8,kg,,Stock,,,No,0.0,A,2023-06-30T08:37:32.707,GREENS,127.0.0.1,347,,,0.0,0.0,0.0,0.0,0,,https://www.greens.com.mt/media/products/0837/5710881212281.jpg,fish
5740301035558,Planet's Pride Salmon Portions 500g,Fish,Frozen Fish,Frozen Fish,,,14.95,21.72,Each,0.5,kg,,Stock,,,No,0.0,A,2023-10-20T11:08:03.173,GREENS,127.0.0.1,347,,,0.0,0.0,0.0,0.0,0,,https://www.greens.com.mt/media/products/noimages.jpg,fish
5710881155908,Planets Pride Scallops 800g,Fish,Frozen Fish,Frozen Fish,,,43.95,50.0,Each,0.8,kg,,Stock,,,No,0.0,A,2023-06-30T08:37:32.677,GREENS,127.0.0.1,347,,,0.0,0.0,0.0,0.0,0,,https://www.greens.com.mt/media/products/0837/5710881155908.jpg,fish
5710881143004,Planets Pride Seafood Mix 800g,Fish,Frozen Fish,Frozen Fish,,,14.57,16.3,Each,0.8,kg,,Stock,,,No,0.0,A,2023-06-30T08:37:32.723,GREENS,127.0.0.1,347,,,0.0,0.0,0.0,0.0,0,,https://www.greens.com.mt/media/products/0837/5710881143004.jpg,fish
5710881254953,Planets Pride Spring Rolls W/chicken 800g 40pcs,Fish,Frozen Fish,Frozen Fish,,,8.66,9.5,Each,0.8,kg,,Stock,,,No,0.0,A,2023-06-30T08:37:32.753,GREENS,127.0.0.1,347,,,0.0,0.0,0.0,0.0,0,,https://www.greens.com.mt/media/products/0837/5710881254953.jpg,fish
5710881306706,Planets Pride Squid Tubes 700g,Fish,Frozen Fish,Frozen Fish,,,8.99,10.75,Each,0.7,kg,,Stock,,,No,0.0,A,2023-06-30T08:37:32.707,GREENS,127.0.0.1,347,,,0.0,0.0,0.0,0.0,0,,https://www.greens.com.mt/media/products/0837/5710881306706.jpg,fish
5710881114202,Planets Pride Vannamei Shrimp 750g,Fish,Frozen Fish,Frozen Fish,,,13.12,14.75,Each,0.75,kg,,Stock,,,No,0.0,A,2023-07-18T15:52:12.77,GREENS,127.0.0.1,347,,,0.0,0.0,0.0,0.0,0,,https://www.greens.com.mt/media/products/0352/5710881114202.jpg,fish
5710881112208,Planets Pride Vannamei Shrimp Cooked 750g,Fish,Frozen Fish,Frozen Fish,,,18.85,21.0,Each,0.75,kg,,Stock,,,No,0.0,A,2023-06-30T08:37:32.707,GREENS,127.0.0.1,347,,,0.0,0.0,0.0,0.0,0,,https://www.greens.com.mt/media/products/0837/5710881112208.jpg,fish
5710881153034,Platets Pride Venus Clam Whole & Cooked 800g,Fish,Frozen Fish,Frozen Fish,,,6.74,7.43,Each,0.8,kg,,Stock,,,No,0.0,A,2023-06-30T08:37:32.647,GREENS,127.0.0.1,347,,,0.0,0.0,0.0,0.0,0,,https://www.greens.com.mt/media/products/noimages.jpg,fish
2470324,Poke Bowl Beef,Fish,Fresh Fish,Ready Made Fish,,Refrigerated,8.5,8.5,Each,1.0,p,,Stock,,Malta,No,0.0,A,2022-10-19T16:45:42.423,GREENS,127.0.0.1,347,,,0.0,0.0,0.0,0.0,0,,https://www.greens.com.mt/media/products/noimages.jpg,fish
2470993,Pork Dumplings X12,Fish,Fresh Fish,Gourmet Fish,,Refrigerated,4.95,4.95,Each,1.0,p,,Stock,,,No,0.0,A,2021-12-23T13:15:23.553,GREENS,127.0.0.1,347,,,0.0,0.0,0.0,0.0,0,,https://www.greens.com.mt/media/products/0115/2470993.jpg,fish
2470996,Pork Spring Roll X12,Fish,Fresh Fish,Gourmet Fish,,Refrigerated,3.95,3.95,Each,1.0,p,,Stock,,,No,0.0,A,2021-12-23T14:08:07.07,GREENS,127.0.0.1,347,,,0.0,0.0,0.0,0.0,0,,https://www.greens.com.mt/media/products/0208/2470996.jpg,fish
2470908,Prawns (gambli) Oriental Fish Cake - Fish,Fish,Fresh Fish,Gourmet Fish,,Refrigerated,2.5,2.5,Each,1.0,p,,Stock,,Malta,No,0.0,A,2018-09-20T13:53:32.393,GREENS,127.0.0.1,347,,,0.0,0.0,0.0,0.0,0,,https://www.greens.com.mt/media/products/0153/2470908.jpg,fish
2470708,Premium Breaded Cod - Fish,Fish,Fresh Fish,Breaded Fish,,Refrigerated,12.45,12.45,Each,1.0,kg,,Weighted,,Malta,No,0.0,A,2018-09-20T13:53:44.787,GREENS,127.0.0.1,347,,,0.0,0.0,0.0,0.0,0,,https://www.greens.com.mt/media/products/0153/2470708.jpg,fish
8710247099850,Queens Pangalicious Garlic & Herb 300g,Fish,Frozen Fish,Frozen Fish,Queens,,5.27,5.49,Each,0.3,kg,,Stock,,,No,0.0,A,2018-09-14T13:15:26.223,GREENS,127.0.0.1,347,,,0.0,0.0,0.0,0.0,0,,https://www.greens.com.mt/media/products/0115/8710247099850.jpg,fish
5019503031508,Quorn Vegan Fishless Fingers 200g,Fish,Frozen Fish,Frozen Fish,Quorn,,5.51,5.79,Each,0.2,kg,,Stock,,,No,0.0,A,2018-09-14T13:20:49.98,GREENS,127.0.0.1,347,,,0.0,0.0,0.0,0.0,0,,https://www.greens.com.mt/media/products/0120/5019503031508.jpg,fish
2470218,Razor Clams - Gandofli ( Local ) - Fish,Fish,Fresh Fish,Shellfish,,Refrigerated,22.5,22.5,Each,1.0,kg,,Weighted,,Malta,No,0.0,A,2018-09-20T13:53:32.107,GREENS,127.0.0.1,347,,,0.0,0.0,0.0,0.0,0,,https://www.greens.com.mt/media/products/0153/2470218.jpg,fish
2470013,Red Mullet ( Trill )( Local ) - Fish,Fish,Fresh Fish,Local Fresh Fish,,Refrigerated,17.95,17.95,Each,1.0,kg,,Weighted,,Malta,No,0.0,A,2018-09-20T13:53:31.21,GREENS,127.0.0.1,347,,,0.0,0.0,0.0,0.0,0,,https://www.greens.com.mt/media/products/0153/2470013.jpg,fish
2470505,Red Mullet With Herbs- Gourmet,Fish,Fresh Fish,Gourmet Fish,,Refrigerated,18.95,18.95,Each,1.0,kg,,Weighted,,Malta,No,0.0,A,2021-11-19T11:01:57.143,GREENS,127.0.0.1,347,,,0.0,0.0,0.0,0.0,0,,https://www.greens.com.mt/media/products/noimages.jpg,fish
2470968,Red Porgy - Pagru (local Gourmet),Fish,Fresh Fish,Gourmet Fish,,Refrigerated,38.0,38.0,Each,1.0,kg,,Weighted,,Malta,No,0.0,A,2019-09-26T09:33:38.383,GREENS,127.0.0.1,347,,,0.0,0.0,0.0,0.0,0,,https://www.greens.com.mt/media/products/0933/2470968.jpg,fish
2470234,Rizzi,Fish,Fresh Fish,Shellfish,,Refrigerated,19.5,19.5,Each,1.0,p,,Stock,,Malta,No,0.0,A,2023-06-30T15:37:59.357,GREENS,127.0.0.1,347,,,0.0,0.0,0.0,0.0,0,,https://www.greens.com.mt/media/products/noimages.jpg,fish
2470210,Rizzi -sea Urchin ( Local  ) - Fish,Fish,Fresh Fish,Shellfish,,Refrigerated,22.8,22.8,Each,1.0,p,,Stock,,Malta,No,0.0,A,2018-09-20T13:53:32.04,GREENS,127.0.0.1,347,,,0.0,0.0,0.0,0.0,0,,https://www.greens.com.mt/media/products/0153/2470210.jpg,fish
2470057,Rock Fish-scorfon,Fish,Fresh Fish,Local Fresh Fish,Greens Products,Refrigerated,12.95,12.95,Each,1.0,kg,,Weighted,,Malta,No,0.0,A,2018-09-20T13:59:11.563,GREENS,127.0.0.1,347,,,0.0,0.0,0.0,0.0,0,,https://www.greens.com.mt/media/products/0159/2470057.jpg,fish
2470907,Salmon & Dentic Fish Cake - Fish,Fish,Fresh Fish,Gourmet Fish,,Refrigerated,2.0,2.0,Each,1.0,p,,Stock,,Malta,No,0.0,A,2018-09-20T13:53:32.387,GREENS,127.0.0.1,347,,,0.0,0.0,0.0,0.0,0,,https://www.greens.com.mt/media/products/0153/2470907.jpg,fish
2470903,Salmon 3 Different  Mushroom & French Brie - Fish,Fish,Fresh Fish,Gourmet Fish,,Refrigerated,24.5,24.5,Each,1.0,kg,,Weighted,,Malta,No,0.0,A,2018-09-20T13:53:32.363,GREENS,127.0.0.1,347,,,0.0,0.0,0.0,0.0,0,,https://www.greens.com.mt/media/products/noimages.jpg,fish
2470905,Salmon Bragioli - Fish,Fish,Fresh Fish,Gourmet Fish,,Refrigerated,21.5,21.5,Each,1.0,kg,,Weighted,,,No,0.0,A,2018-09-20T13:53:32.377,GREENS,127.0.0.1,347,,,0.0,0.0,0.0,0.0,0,,https://www.greens.com.mt/media/products/0153/2470905.jpg,fish
2470920,Salmon Carpaccio Sashimi  - Fish,Fish,Fresh Fish,Gourmet Fish,,Refrigerated,30.0,30.0,Each,1.0,kg,,Weighted,,Malta,No,0.0,A,2018-09-20T13:53:33.053,GREENS,127.0.0.1,347,,,0.0,0.0,0.0,0.0,0,,https://www.greens.com.mt/media/products/0153/2470920.jpg,fish
2470101,Salmon Fillet,Fish,Fresh Fish,Foreign Fresh Fish,,Refrigerated,15.95,15.95,Each,1.0,kg,,Weighted,,,No,0.0,A,2018-09-20T13:53:31.43,GREENS,127.0.0.1,347,,,0.0,0.0,0.0,0.0,0,,https://www.greens.com.mt/media/products/0153/2470101.jpg,fish
2470904,Salmon Lemon & Pepper - Fish,Fish,Fresh Fish,Gourmet Fish,,Refrigerated,24.0,24.0,Each,1.0,kg,,Weighted,,Malta,No,0.0,A,2018-09-20T13:53:32.37,GREENS,127.0.0.1,347,,,0.0,0.0,0.0,0.0,0,,https://www.greens.com.mt/media/products/0153/2470904.jpg,fish
2472330,Salmon Nigiri (g),Fish,Fresh Fish,Ready Made Fish,,Refrigerated,5.95,5.95,Each,1.0,kg,,Stock,,,No,0.0,A,2023-06-13T11:37:36.477,GREENS,127.0.0.1,347,,,0.0,0.0,0.0,0.0,0,,https://www.greens.com.mt/media/products/noimages.jpg,fish
2470066,Salmon -salamun Steak Fresh,Fish,Fresh Fish,Foreign Fresh Fish,,Refrigerated,14.2,14.2,Each,1.0,kg,,Weighted,,Norway,No,0.0,A,2020-02-03T18:30:07.153,GREENS,127.0.0.1,347,,,0.0,0.0,0.0,0.0,0,,https://www.greens.com.mt/media/products/noimages.jpg,fish
2470997,Salmon Shrimp Samosas X10,Fish,Fresh Fish,Gourmet Fish,,Refrigerated,5.95,5.95,Each,1.0,p,,Stock,,,No,0.0,A,2021-12-23T14:08:07.01,GREENS,127.0.0.1,347,,,0.0,0.0,0.0,0.0,0,,https://www.greens.com.mt/media/products/noimages.jpg,fish
2470901,"Salmon Spinach, Garlic &  Mozzarella - Fish",Fish,Fresh Fish,Gourmet Fish,,Refrigerated,24.0,24.0,Each,1.0,kg,,Weighted,,Malta,No,0.0,A,2018-09-20T13:53:32.347,GREENS,127.0.0.1,347,,,0.0,0.0,0.0,0.0,0,,https://www.greens.com.mt/media/products/0153/2470901.jpg,fish
2470900,Salmon Stiry Fry Veg Herbs - Fish,Fish,Fresh Fish,Gourmet Fish,,Refrigerated,22.0,22.0,Each,1.0,kg,,Weighted,,Malta,No,0.0,A,2018-09-20T13:53:32.34,GREENS,127.0.0.1,347,,,0.0,0.0,0.0,0.0,0,,https://www.greens.com.mt/media/products/noimages.jpg,fish
2470902,Salmon Sweet Chilli &  Lime & Corriander - Fish,Fish,Fresh Fish,Gourmet Fish,,Refrigerated,22.0,22.0,Each,1.0,kg,,Weighted,,Malta,No,0.0,A,2018-09-20T13:53:32.353,GREENS,127.0.0.1,347,,,0.0,0.0,0.0,0.0,0,,https://www.greens.com.mt/media/products/0153/2470902.jpg,fish
2470927,Salmon Wellington - Fish,Fish,Fresh Fish,Gourmet Fish,,Refrigerated,29.5,29.5,Each,1.0,kg,,Weighted,,Malta,No,0.0,A,2018-09-20T13:54:02.27,GREENS,127.0.0.1,347,,,0.0,0.0,0.0,0.0,0,,https://www.greens.com.mt/media/products/noimages.jpg,fish
2470028,Sardines / Sardin ( Local ) - Fish,Fish,Fresh Fish,Local Fresh Fish,,Refrigerated,9.95,9.95,Each,1.0,kg,,Weighted,,Malta,No,0.0,A,2019-05-28T16:48:00.337,GREENS,127.0.0.1,347,,,0.0,0.0,0.0,0.0,0,,https://www.greens.com.mt/media/products/noimages.jpg,fish
2470025,Sargi (white Bream ) ( Local ) - Fish,Fish,Fresh Fish,Local Fresh Fish,,Refrigerated,25.5,25.5,Each,1.0,kg,,Weighted,,Malta,No,0.0,A,2018-09-20T13:53:31.293,GREENS,127.0.0.1,347,,,0.0,0.0,0.0,0.0,0,,https://www.greens.com.mt/media/products/0153/2470025.jpg,fish
2470972,Sargi (white Bream) (local) (gourmet),Fish,Fresh Fish,Gourmet Fish,,Refrigerated,25.0,25.0,Each,1.0,kg,,Weighted,,Malta,No,0.0,A,2019-09-26T09:33:39.01,GREENS,127.0.0.1,347,,,0.0,0.0,0.0,0.0,0,,https://www.greens.com.mt/media/products/noimages.jpg,fish
2470043,Sawrell ( Local ) - Scad,Fish,Fresh Fish,Local Fresh Fish,,Refrigerated,10.0,10.0,Each,1.0,kg,,Weighted,,Malta,No,0.0,A,2018-09-20T13:53:31.397,GREENS,127.0.0.1,347,,,0.0,0.0,0.0,0.0,0,,https://www.greens.com.mt/media/products/0153/2470043.jpg,fish
2470989,"Sawrell (scad) Fresh Prawn, Leeks & Cherry Tomatoes",Fish,Fresh Fish,Gourmet Fish,,Refrigerated,22.0,22.0,Each,1.0,kg,,Weighted,,,No,0.0,A,2021-09-17T15:06:25.587,GREENS,127.0.0.1,347,,,0.0,0.0,0.0,0.0,0,,https://www.greens.com.mt/media/products/noimages.jpg,fish
2470209,Scallops Half Shell ( Foreign) - Fish,Fish,Fresh Fish,Shellfish,,Refrigerated,28.9,28.9,Each,1.0,kg,,Weighted,,United Kingdom,No,0.0,A,2018-09-20T13:53:32.033,GREENS,127.0.0.1,347,,,0.0,0.0,0.0,0.0,0,,https://www.greens.com.mt/media/products/0153/2470209.jpg,fish
2470508,Seabass (spnotta) With Herbs- Gourmet,Fish,Fresh Fish,Gourmet Fish,Greens Products,Refrigerated,10.95,10.95,Each,1.0,kg,,Weighted,,,No,0.0,A,2021-11-19T12:02:57.177,GREENS,127.0.0.1,347,,,0.0,0.0,0.0,0.0,0,,https://www.greens.com.mt/media/products/noimages.jpg,fish
2470047,Seabass Spnott Ta Malta Big,Fish,Fresh Fish,Local Fresh Fish,,Refrigerated,17.5,17.5,Each,1.0,kg,,Weighted,,Malta,No,0.0,A,2018-09-20T13:53:44.603,GREENS,127.0.0.1,347,,,0.0,0.0,0.0,0.0,0,,https://www.greens.com.mt/media/products/0153/2470047.jpg,fish
2470005,Seabass Spnottoa (local) - Fresh Fish,Fish,Fresh Fish,Local Fresh Fish,Greens Products,Refrigerated,10.95,10.95,Each,1.0,kg,,Weighted,,,No,0.0,A,2018-09-20T13:53:31.107,GREENS,127.0.0.1,347,,,0.0,0.0,0.0,0.0,0,,https://www.greens.com.mt/media/products/0153/2470005.jpg,fish
2470978,Seabass-spnott Tas-salvagg (wild) (gourmet),Fish,Fresh Fish,Gourmet Fish,,Refrigerated,25.0,25.0,Each,1.0,kg,,Weighted,,Malta,No,0.0,A,2019-09-26T09:33:39.04,GREENS,127.0.0.1,347,,,0.0,0.0,0.0,0.0,0,,https://www.greens.com.mt/media/products/0933/2470978.jpg,fish
2470635,Seafood Mix,Fish,Frozen Fish,Frozen Fish,,Refrigerated,8.95,8.95,Each,1.0,kg,,Weighted,,Malta,No,0.0,A,2018-09-20T13:53:32.267,GREENS,127.0.0.1,347,,,0.0,0.0,0.0,0.0,0,,https://www.greens.com.mt/media/products/0153/2470635.jpg,fish
2471000,Service Charge 3.50 - Fish,Fish,Fresh Fish,Local Fresh Fish,,Refrigerated,3.5,3.5,Each,1.0,p,,Weighted,,,No,0.0,A,2018-09-20T13:56:26.633,GREENS,127.0.0.1,347,,,0.0,0.0,0.0,0.0,0,,https://www.greens.com.mt/media/products/noimages.jpg,fish
2471001,Service Charge 5.00 - Fish,Fish,Fresh Fish,Local Fresh Fish,,Refrigerated,5.0,5.0,Each,1.0,p,,Weighted,,,No,0.0,A,2018-09-20T13:56:26.62,GREENS,127.0.0.1,347,,,0.0,0.0,0.0,0.0,0,,https://www.greens.com.mt/media/products/noimages.jpg,fish
2471004,Service Charge 7.00 - Fish,Fish,Fresh Fish,Local Fresh Fish,,Refrigerated,7.0,7.0,Each,1.0,p,,Weighted,,,No,0.0,A,2022-09-01T13:05:21.89,GREENS,127.0.0.1,347,,,0.0,0.0,0.0,0.0,0,,https://www.greens.com.mt/media/products/noimages.jpg,fish
2471002,Service Charge 9.00 - Fish,Fish,Fresh Fish,Local Fresh Fish,,Refrigerated,9.0,9.0,Each,1.0,p,,Weighted,,,No,0.0,A,2018-09-20T13:56:26.627,GREENS,127.0.0.1,347,,,0.0,0.0,0.0,0.0,0,,https://www.greens.com.mt/media/products/noimages.jpg,fish
8005158000034,Sgattoni Cozze Cotte E Sgusciate 250g,Fish,Frozen Fish,Frozen Fish,Sgattoni,,1.65,1.76,Each,0.25,kg,,Stock,,,No,0.0,A,2018-09-14T13:15:16.617,GREENS,127.0.0.1,347,,,0.0,0.0,0.0,0.0,0,,https://www.greens.com.mt/media/products/0115/8005158000034.jpg,fish
5011104200611,Sheltie Batt Cod Portions 540g,Fish,Frozen Fish,Frozen Fish,Sheltie,,7.29,7.49,Each,0.54,kg,,Stock,,,No,0.0,A,2018-09-14T13:14:46.88,GREENS,127.0.0.1,347,,,0.0,0.0,0.0,0.0,0,,https://www.greens.com.mt/media/products/0114/5011104200611.jpg,fish
5011104200574,Sheltie Bread Plaice Fillet 500g,Fish,Frozen Fish,Frozen Fish,Sheltie,,9.12,9.5,Each,0.5,kg,,Stock,,,No,0.0,A,2018-09-14T13:14:42.057,GREENS,127.0.0.1,347,,,0.0,0.0,0.0,0.0,0,,https://www.greens.com.mt/media/products/0114/5011104200574.jpg,fish
5011104200734,Sheltie Bread Skl Cod Fill 500g,Fish,Frozen Fish,Frozen Fish,Sheltie,,7.79,7.99,Each,0.5,kg,,Stock,,,No,0.0,A,2018-09-14T13:15:57.03,GREENS,127.0.0.1,347,,,0.0,0.0,0.0,0.0,0,,https://www.greens.com.mt/media/products/0115/5011104200734.jpg,fish
5011104200727,Sheltie Bread Skl Had Fill 500g,Fish,Frozen Fish,Frozen Fish,Sheltie,,7.99,8.49,Each,0.5,kg,,Stock,,,No,0.0,A,2018-09-14T13:15:54.413,GREENS,127.0.0.1,347,,,0.0,0.0,0.0,0.0,0,,https://www.greens.com.mt/media/products/0115/5011104200727.jpg,fish
5011104200567,Sheltie Fish Cakes 500g,Fish,Frozen Fish,Frozen Fish,Sheltie,,5.89,5.99,Each,0.5,kg,,Stock,,,No,0.0,A,2018-09-14T13:14:50.343,GREENS,127.0.0.1,347,,,0.0,0.0,0.0,0.0,0,,https://www.greens.com.mt/media/products/0114/5011104200567.jpg,fish
2470215,Sicc ( Local ) - Fish,Fish,Fresh Fish,Shellfish,,Refrigerated,18.95,18.95,Each,1.0,kg,,Weighted,,Malta,No,0.0,A,2018-09-20T13:53:32.087,GREENS,127.0.0.1,347,,,0.0,0.0,0.0,0.0,0,,https://www.greens.com.mt/media/products/0153/2470215.jpeg,fish
2470400,Skumbria Headless Smoked Mackerel - Fish,Fish,Fresh Fish,Marinated fish,,Refrigerated,19.95,19.95,Each,1.0,kg,,Weighted,,Netherlands,No,0.0,A,2018-09-20T13:53:32.14,GREENS,127.0.0.1,347,,,0.0,0.0,0.0,0.0,0,,https://www.greens.com.mt/media/products/0153/2470400.jpg,fish
2470226,Small Oysters - Fish,Fish,Fresh Fish,Shellfish,,Refrigerated,3.35,3.35,Each,1.0,p,,Stock,,France,No,0.0,A,2018-09-20T13:59:07.44,GREENS,127.0.0.1,347,,,0.0,0.0,0.0,0.0,0,,https://www.greens.com.mt/media/products/0159/2470226.jpg,fish
2470052,Small Red Mullet ( Trill Zghir),Fish,Fresh Fish,Local Fresh Fish,,Refrigerated,15.95,15.95,Each,1.0,kg,,Weighted,,Malta,No,0.0,A,2018-09-20T13:54:16.11,GREENS,127.0.0.1,347,,,0.0,0.0,0.0,0.0,0,,https://www.greens.com.mt/media/products/noimages.jpg,fish
5027891323945,Smk Lily Panga Fillets 170/220 1kg,Fish,Frozen Fish,Frozen Fish,Smk,,8.63,8.99,Each,1.0,kg,,Stock,,,No,0.0,A,2018-09-14T13:17:13.57,GREENS,127.0.0.1,347,,,0.0,0.0,0.0,0.0,0,,https://www.greens.com.mt/media/products/0117/5027891323945.jpg,fish
2470332,Smoked Erringi,Fish,Fresh Fish,Ready Made Fish,,Refrigerated,14.45,14.45,Each,1.0,kg,,Weighted,,Malta,No,0.0,A,2023-10-28T12:22:24.427,GREENS,127.0.0.1,347,,,0.0,0.0,0.0,0.0,0,,https://www.greens.com.mt/media/products/noimages.jpg,fish
2472332,Smoked Erringi,Fish,Fresh Fish,Ready Made Fish,,Refrigerated,14.45,14.45,Each,1.0,kg,,Weighted,,Malta,No,0.0,A,2023-10-28T12:21:17.7,GREENS,127.0.0.1,347,,,0.0,0.0,0.0,0.0,0,,https://www.greens.com.mt/media/products/noimages.jpg,fish
2470638,Smoked Tuna ( Local ) - Fish,Fish,Frozen Fish,Frozen Fish,,Refrigerated,39.5,39.5,Each,1.0,kg,,Weighted,,Malta,No,0.0,A,2019-07-10T20:32:02.433,GREENS,127.0.0.1,347,,,0.0,0.0,0.0,0.0,0,,https://www.greens.com.mt/media/products/noimages.jpg,fish
8401230010005,Spanish Octopus 1kg,Fish,Frozen Fish,Frozen Fish,,,12.04,12.74,Each,1.0,kg,,Stock,,,No,0.0,A,2018-09-14T13:16:59.903,GREENS,127.0.0.1,347,,,0.0,0.0,0.0,0.0,0,,https://www.greens.com.mt/media/products/0116/8401230010005.jpg,fish
2470919,"Spinott Fillet Fresh  Prawn, Leeks & Cherry Tomatoes - Fish",Fish,Fresh Fish,Gourmet Fish,,Refrigerated,22.0,22.0,Each,1.0,kg,,Weighted,,Malta,No,0.0,A,2018-09-20T13:53:33.043,GREENS,127.0.0.1,347,,,0.0,0.0,0.0,0.0,0,,https://www.greens.com.mt/media/products/0153/2470919.jpg,fish
2470064,Spnotta Fillet (seasbass),Fish,Fresh Fish,Local Fresh Fish,,Refrigerated,25.0,25.0,Each,1.0,kg,,Weighted,,Malta,No,0.0,A,2020-01-28T16:30:51.18,GREENS,127.0.0.1,347,,,0.0,0.0,0.0,0.0,0,,https://www.greens.com.mt/media/products/0430/2470064.jpg,fish
2471207,Sushi Mix Platter Set A,Fish,Fresh Fish,Gourmet Fish,,Refrigerated,8.5,8.5,Each,1.0,p,,Stock,,,No,0.0,A,2023-04-28T09:22:02.75,GREENS,127.0.0.1,347,,,0.0,0.0,0.0,0.0,0,,https://www.greens.com.mt/media/products/noimages.jpg,fish
2471208,Sushi Mix Platter Set B,Fish,Fresh Fish,Gourmet Fish,,Refrigerated,8.5,8.5,Each,1.0,p,,Stock,,,No,0.0,A,2023-04-28T15:52:57.667,GREENS,127.0.0.1,347,,,0.0,0.0,0.0,0.0,0,,https://www.greens.com.mt/media/products/0352/2471208.jpg,fish
2471209,Sushi Mix Platter Set C,Fish,Fresh Fish,Gourmet Fish,,Refrigerated,8.5,8.5,Each,1.0,p,,Stock,,,No,0.0,A,2023-04-29T07:09:09.02,GREENS,127.0.0.1,347,,,0.0,0.0,0.0,0.0,0,,https://www.greens.com.mt/media/products/noimages.jpg,fish
2471210,Sushi Mix Platter Set D,Fish,Fresh Fish,Gourmet Fish,,Refrigerated,8.5,8.5,Each,1.0,p,,Stock,,,No,0.0,A,2023-04-28T13:23:15.543,GREENS,127.0.0.1,347,,,0.0,0.0,0.0,0.0,0,,https://www.greens.com.mt/media/products/0123/2471210.jpg,fish
2471211,Sushi Mix Platter Set E,Fish,Fresh Fish,Gourmet Fish,,Refrigerated,8.5,8.5,Each,1.0,p,,Stock,,,No,0.0,A,2023-05-05T07:08:33.66,GREENS,127.0.0.1,347,,,0.0,0.0,0.0,0.0,0,,https://www.greens.com.mt/media/products/0708/2471211.jpg,fish
2471212,Sushi Mix Platter Set F,Fish,Fresh Fish,Gourmet Fish,,Refrigerated,8.5,8.5,Each,1.0,p,,Stock,,,No,0.0,A,2023-04-28T14:23:21.02,GREENS,127.0.0.1,347,,,0.0,0.0,0.0,0.0,0,,https://www.greens.com.mt/media/products/noimages.jpg,fish
2471213,Sushi Mix Platter Set G,Fish,Fresh Fish,Gourmet Fish,,Refrigerated,8.5,8.5,Each,1.0,p,,Stock,,,No,0.0,A,2023-05-01T07:09:09.993,GREENS,127.0.0.1,347,,,0.0,0.0,0.0,0.0,0,,https://www.greens.com.mt/media/products/noimages.jpg,fish
2471215,Sushi Mix Platter Set I,Fish,Fresh Fish,Gourmet Fish,,Refrigerated,8.5,8.5,Each,1.0,p,,Stock,,,No,0.0,A,2023-04-30T14:53:20.927,GREENS,127.0.0.1,347,,,0.0,0.0,0.0,0.0,0,,https://www.greens.com.mt/media/products/noimages.jpg,fish
2471205,Sushi Roll Platter Set A,Fish,Fresh Fish,Gourmet Fish,,Refrigerated,7.5,7.5,Each,1.0,p,,Stock,,,No,0.0,A,2023-04-28T11:22:09.407,GREENS,127.0.0.1,347,,,0.0,0.0,0.0,0.0,0,,https://www.greens.com.mt/media/products/1122/2471205.jpg,fish
2471206,Sushi Roll Platter Set B,Fish,Fresh Fish,Gourmet Fish,,Refrigerated,7.5,7.5,Each,1.0,p,,Stock,,,No,0.0,A,2023-04-28T13:23:15.543,GREENS,127.0.0.1,347,,,0.0,0.0,0.0,0.0,0,,https://www.greens.com.mt/media/products/noimages.jpg,fish
2470918,Sword Fish Green Olives  Fresh Herbs & Cherry Tomatoes - Fish,Fish,Fresh Fish,Gourmet Fish,,Refrigerated,25.0,25.0,Each,1.0,kg,,Weighted,,Malta,No,0.0,A,2018-09-20T13:53:33.037,GREENS,127.0.0.1,347,,,0.0,0.0,0.0,0.0,0,,https://www.greens.com.mt/media/products/noimages.jpg,fish
2470928,Swordfish Rolls - Fish,Fish,Fresh Fish,Gourmet Fish,,Refrigerated,24.5,24.5,Each,1.0,kg,,Weighted,,Malta,No,0.0,A,2019-10-19T12:31:32.49,GREENS,127.0.0.1,347,,,0.0,0.0,0.0,0.0,0,,https://www.greens.com.mt/media/products/noimages.jpg,fish
2470506,Swordfish Steak With Herbs - Gourmet,Fish,Fresh Fish,Gourmet Fish,,Refrigerated,19.9,19.9,Each,1.0,kg,,Weighted,,Malta,No,0.0,A,2021-11-19T11:10:15.917,GREENS,127.0.0.1,347,,,0.0,0.0,0.0,0.0,0,,https://www.greens.com.mt/media/products/noimages.jpg,fish
2470227,Tartufi Di Mare - Fish,Fish,Fresh Fish,Shellfish,,Refrigerated,26.95,26.95,Each,1.0,kg,,Weighted,,Italia,No,0.0,A,2018-09-20T13:59:12.7,GREENS,127.0.0.1,347,,,0.0,0.0,0.0,0.0,0,,https://www.greens.com.mt/media/products/0159/2470227.jpg,fish
3472892012176,Thai Tapas Prawn Gyoza 1kg,Fish,Frozen Fish,Frozen Fish,,,17.8,19.0,Each,1.0,kg,,Stock,,,No,0.0,A,2021-08-31T12:04:14.57,GREENS,127.0.0.1,347,,,0.0,0.0,0.0,0.0,0,,https://www.greens.com.mt/media/products/1204/3472892012176.jpg,fish
5027891352532,Tiger Brand Shrimps 90/120 400g,Fish,Frozen Fish,Frozen Fish,Tiger Brand,,8.79,8.99,Each,0.4,kg,,Stock,,,No,0.0,A,2018-10-24T15:30:56.267,GREENS,127.0.0.1,347,,,0.0,0.0,0.0,0.0,0,,https://www.greens.com.mt/media/products/0330/5027891352532.jpg,fish
2470678,Tiger Prawn,Fish,Frozen Fish,Frozen Fish,,Refrigerated,9.85,9.85,Each,1.0,kg,,Weighted,,Spain,No,0.0,A,2023-10-04T15:52:07.9,GREENS,127.0.0.1,347,,,0.0,0.0,0.0,0.0,0,,https://www.greens.com.mt/media/products/noimages.jpg,fish
2470079,Tonut,Fish,Fresh Fish,Local Fresh Fish,Greens Products,Refrigerated,30.0,30.0,Each,1.0,kg,,Weighted,,Malta,No,0.0,A,2021-11-17T13:01:39.32,GREENS,127.0.0.1,347,,,0.0,0.0,0.0,0.0,0,,https://www.greens.com.mt/media/products/noimages.jpg,fish
2470074,Tragni-weaver,Fish,Fresh Fish,Local Fresh Fish,,Refrigerated,19.95,19.95,Each,1.0,kg,,Weighted,,Malta,No,0.0,A,2020-07-29T15:00:45.313,GREENS,127.0.0.1,347,,,0.0,0.0,0.0,0.0,0,,https://www.greens.com.mt/media/products/noimages.jpg,fish
2470061,Tuna Belly,Fish,Fresh Fish,Local Fresh Fish,Greens Products,Refrigerated,5.5,5.5,Each,1.0,kg,,Weighted,,Malta,No,0.0,A,2019-09-19T14:32:29.1,GREENS,127.0.0.1,347,,,0.0,0.0,0.0,0.0,0,,https://www.greens.com.mt/media/products/0232/2470061.jpg,fish
2470921,Tuna Carpaccio Sashimi - Fish,Fish,Fresh Fish,Gourmet Fish,,Refrigerated,25.0,25.0,Each,1.0,kg,,Weighted,,Malta,No,0.0,A,2018-09-20T13:53:33.063,GREENS,127.0.0.1,347,,,0.0,0.0,0.0,0.0,0,,https://www.greens.com.mt/media/products/0153/2470921.jpg,fish
2470911,"Tuna Pistacchio, Honey &  Grain Mustard - Fish",Fish,Fresh Fish,Gourmet Fish,,Refrigerated,23.0,23.0,Each,1.0,kg,,Weighted,,Malta,No,0.0,A,2019-06-30T12:40:41.37,GREENS,127.0.0.1,347,,,0.0,0.0,0.0,0.0,0,,https://www.greens.com.mt/media/products/noimages.jpg,fish
2470507,Tuna With Herbs - Gourmet,Fish,Fresh Fish,Gourmet Fish,,Refrigerated,19.0,19.0,Each,1.0,kg,,Weighted,,Malta,No,0.0,A,2021-11-19T11:10:15.93,GREENS,127.0.0.1,347,,,0.0,0.0,0.0,0.0,0,,https://www.greens.com.mt/media/products/noimages.jpg,fish
2470120,Turbot ( Foreign ) - Fish,Fish,Fresh Fish,Foreign Fresh Fish,,Refrigerated,27.0,27.0,Each,1.0,kg,,Weighted,,Italia,No,0.0,A,2018-09-20T13:53:31.49,GREENS,127.0.0.1,347,,,0.0,0.0,0.0,0.0,0,,https://www.greens.com.mt/media/products/0153/2470120.jpeg,fish
2470984,Turbot-barbun Imperjali (foreign) (gourmet),Fish,Fresh Fish,Gourmet Fish,,Refrigerated,29.0,29.0,Each,1.0,kg,,Weighted,,,No,0.0,A,2019-09-26T09:33:39.073,GREENS,127.0.0.1,347,,,0.0,0.0,0.0,0.0,0,,https://www.greens.com.mt/media/products/noimages.jpg,fish
8002202001214,Unopiu Filetto Di Pangasio 600g,Fish,Frozen Fish,Frozen Fish,,,4.57,6.0,Each,0.6,kg,,Stock,,,No,0.0,A,2023-05-31T12:52:13.347,GREENS,127.0.0.1,347,,,0.0,0.0,0.0,0.0,0,,https://www.greens.com.mt/media/products/1252/8002202001214.jpg,fish
4770190352338,Vici Breaded Maxi Shrimps 300g,Fish,Frozen Fish,Frozen Fish,Vici,,3.95,4.22,Each,0.3,kg,,Stock,,,No,0.0,A,2023-09-15T10:43:05.707,GREENS,127.0.0.1,347,,,0.0,0.0,0.0,0.0,0,,https://www.greens.com.mt/media/products/1043/4770190352338.jpg,fish
4770190132640,Vici Breaded Surimi Nuggets On Stick 245g,Fish,Frozen Fish,Frozen Fish,Vici,,2.5,2.66,Each,0.25,kg,,Stock,,,No,0.0,A,2023-09-15T10:43:05.69,GREENS,127.0.0.1,347,,,0.0,0.0,0.0,0.0,0,,https://www.greens.com.mt/media/products/1043/4770190132640.jpg,fish
4770190133340,Vici Calzone Pulled Pork 400g,Fish,Frozen Fish,Frozen Fish,Vici,,4.56,4.87,Each,0.4,kg,,Stock,,,No,0.0,A,2023-09-15T10:43:05.707,GREENS,127.0.0.1,347,,,0.0,0.0,0.0,0.0,0,,https://www.greens.com.mt/media/products/1043/4770190133340.jpg,fish
4770190376440,Vici Crab Sticks 1kg,Fish,Frozen Fish,Frozen Fish,Vici,,5.88,6.22,Each,1.0,kg,,Stock,,,No,0.0,A,2019-02-28T08:32:00.04,GREENS,127.0.0.1,347,,,0.0,0.0,0.0,0.0,0,,https://www.greens.com.mt/media/products/0832/4770190376440.jpg,fish
4770190375412,"Vici Crab Sticks, 500g",Fish,Frozen Fish,Frozen Fish,Vici,,3.4,3.79,Each,0.5,kg,,Stock,,,No,0.0,A,2018-09-14T13:15:10.597,GREENS,127.0.0.1,347,,,0.0,0.0,0.0,0.0,0,,https://www.greens.com.mt/media/products/0115/4770190375412.jpg,fish
4770190075756,Vici Salmon Steaks 2x125g,Fish,Frozen Fish,Frozen Fish,Vici,,8.9,8.98,Each,2.0,p,,Stock,,,No,0.0,A,2018-09-14T13:15:27.297,GREENS,127.0.0.1,347,,,0.0,0.0,0.0,0.0,0,,https://www.greens.com.mt/media/products/0115/4770190075756.jpg,fish
4770190136624,Vici Shrimp Gyoza 600g 30pcs,Fish,Frozen Fish,Frozen Fish,Vici,,8.11,8.58,Each,0.6,kg,,Stock,,,No,0.0,A,2023-09-15T10:43:05.707,GREENS,127.0.0.1,347,,,0.0,0.0,0.0,0.0,0,,https://www.greens.com.mt/media/products/1043/4770190136624.jpg,fish
4770190156783,Vici Xia Long Bao 400g 12pcs,Fish,Frozen Fish,Frozen Fish,Vici,,3.73,3.97,Each,0.4,kg,,Stock,,,No,0.0,A,2023-09-15T10:43:05.72,GREENS,127.0.0.1,347,,,0.0,0.0,0.0,0.0,0,,https://www.greens.com.mt/media/products/noimages.jpg,fish
2472206,Vongole ( Foreign )-gandoffli (g),Fish,Fresh Fish,Shellfish,,Refrigerated,20.95,20.95,Each,1.0,kg,,Weighted,,,No,0.0,A,2021-03-20T14:01:08.827,GREENS,127.0.0.1,347,,,0.0,0.0,0.0,0.0,0,,https://www.greens.com.mt/media/products/noimages.jpg,fish
8004320001190,Vongole C/guscio Miste B/m 400,Fish,Frozen Fish,Frozen Fish,,,2.62,3.0,Each,0.4,kg,,Stock,,,No,0.0,A,2020-07-15T09:02:28.087,GREENS,127.0.0.1,347,,,0.0,0.0,0.0,0.0,0,,https://www.greens.com.mt/media/products/0902/8004320001190.jpg,fish
8032745832259,Vongole Sgusciate Precotte Congelate 250gr,Fish,Frozen Fish,Frozen Fish,,,3.99,5.0,Each,0.25,kg,,Stock,,,No,0.0,A,2020-03-04T10:31:22.383,GREENS,127.0.0.1,347,,,0.0,0.0,0.0,0.0,0,,https://www.greens.com.mt/media/products/1031/8032745832259.jpg,fish
2470206,Vongole-gandoffli - Fish,Fish,Fresh Fish,Shellfish,,Refrigerated,20.95,20.95,Each,1.0,kg,,Weighted,,,No,0.0,A,2018-09-20T13:53:32.02,GREENS,127.0.0.1,347,,,0.0,0.0,0.0,0.0,0,,https://www.greens.com.mt/media/products/0153/2470206.jpg,fish
